firm_id,year,post,treat,firm_size,sector,region,mh_plan,mh_champion,mh_budget,leadership_support,digital_tool,hybrid_policy,sick_days,presenteeism_flag,turnover_rate,productivity_per_employee,well_being_index,engagement_index,life_satisfaction
100001,2019,0,0,Small,Other Services,Eastern & Midlands,0,0,0,0,0,0,2.7,0.0,11.94,106.33,64.64,55.12,7.1
100002,2019,0,0,Small,Hospitality,Eastern & Midlands,0,0,0,0,0,0,2.92,0.0,14.73,92.55,60.75,59.6,7.68
100003,2019,0,0,Small,Retail,Eastern & Midlands,0,0,0,0,0,0,2.29,0.0,8.87,106.97,66.01,58.82,6.84
100004,2019,0,0,Large,Production,Eastern & Midlands,0,0,0,0,0,0,2.27,0.0,13.34,86.65,62.85,60.09,7.12
100005,2019,0,0,Large,Retail,Eastern & Midlands,0,0,0,0,0,0,2.85,0.0,12.17,85.73,65.29,58.73,7.28
100006,2019,0,0,Large,Business Services,Northern & Western,0,0,0,0,0,0,2.45,0.0,13.29,76.1,62.98,56.0,7.34
100007,2019,0,0,Small,Retail,Northern & Western,0,0,0,0,0,0,2.99,0.0,10.88,84.68,64.15,62.09,7.4
100008,2019,0,0,Small,Retail,Northern & Western,0,0,0,0,0,0,3.03,0.0,13.04,89.71,62.93,60.45,7.14
100009,2019,0,1,Small,Other Services,Southern,0,0,0,0,0,0,2.26,0.0,9.44,97.96,66.61,61.62,7.21
100010,2019,0,0,Medium,Hospitality,Northern & Western,0,0,0,0,0,0,2.91,0.0,13.59,89.28,66.41,58.02,7.63
100011,2019,0,0,Small,Other Services,Southern,0,0,0,0,0,0,2.58,0.0,11.0,68.05,65.97,57.62,6.79
100012,2019,0,0,Large,Hospitality,Northern & Western,0,0,0,0,0,0,2.61,0.0,12.87,84.3,63.5,60.13,7.29
100013,2019,0,0,Large,Other Services,Eastern & Midlands,0,0,0,0,0,0,2.5,0.0,12.23,80.53,68.26,60.11,6.8
100014,2019,0,0,Large,Hospitality,Northern & Western,0,0,0,0,0,0,3.21,1.0,11.05,83.22,64.45,58.77,7.25
100015,2019,0,1,Medium,Hospitality,Eastern & Midlands,0,0,0,0,0,0,2.01,1.0,14.62,84.46,63.3,59.06,7.26
100016,2019,0,0,Large,Hospitality,Eastern & Midlands,0,0,0,0,0,0,3.01,0.0,13.08,103.53,63.3,58.74,6.97
100017,2019,0,0,Medium,Retail,Northern & Western,0,0,0,0,0,0,3.19,0.0,9.99,114.73,65.06,57.36,7.48
100018,2019,0,0,Medium,Business Services,Northern & Western,0,0,0,0,0,0,2.27,0.0,14.82,79.08,63.87,58.32,6.84
100019,2019,0,1,Medium,Hospitality,Eastern & Midlands,0,0,0,0,0,0,2.25,1.0,14.91,69.79,63.25,58.79,7.18
100020,2019,0,0,Small,Business Services,Southern,0,0,0,0,0,0,2.45,0.0,12.79,79.67,63.03,59.42,7.43
100021,2019,0,0,Small,Business Services,Southern,0,0,0,0,0,0,2.5,0.0,11.88,79.56,62.94,59.57,7.02
100022,2019,0,0,Large,Construction,Northern & Western,0,0,0,0,0,0,2.37,0.0,9.92,85.33,61.35,57.31,7.46
100023,2019,0,0,Large,Construction,Eastern & Midlands,0,0,0,0,0,0,2.37,0.0,11.55,84.67,66.77,55.09,7.66
100024,2019,0,0,Medium,Production,Southern,0,0,0,0,0,0,3.13,0.0,12.87,97.74,62.6,59.02,7.05
100025,2019,0,0,Small,Other Services,Northern & Western,0,0,0,0,0,0,3.08,0.0,12.53,98.55,65.66,55.28,7.31
100026,2019,0,1,Large,Construction,Northern & Western,0,0,0,0,0,0,2.35,0.0,13.09,89.74,64.15,56.55,7.18
100027,2019,0,1,Large,Hospitality,Eastern & Midlands,0,0,0,0,0,0,2.3,1.0,9.07,95.06,64.18,60.3,6.96
100028,2019,0,1,Small,Business Services,Southern,0,0,0,0,0,0,2.69,1.0,14.48,75.74,61.31,55.46,6.87
100029,2019,0,0,Medium,Other Services,Northern & Western,0,0,0,0,0,0,2.94,1.0,11.44,96.44,65.19,57.69,7.14
100030,2019,0,0,Large,Production,Southern,0,0,0,0,0,0,2.34,0.0,8.85,82.62,65.38,58.05,6.67
100031,2019,0,0,Large,Construction,Northern & Western,0,0,0,0,0,0,3.09,0.0,10.9,115.01,64.6,59.19,7.27
100032,2019,0,0,Small,Retail,Northern & Western,0,0,0,0,0,0,2.87,1.0,12.06,79.05,64.19,60.72,7.19
100033,2019,0,1,Small,Other Services,Southern,0,0,0,0,0,0,2.5,0.0,10.86,94.27,61.99,59.77,7.42
100034,2019,0,0,Medium,Production,Southern,0,0,0,0,0,0,2.47,0.0,13.03,87.75,66.06,59.39,7.28
100035,2019,0,1,Medium,Hospitality,Eastern & Midlands,0,0,0,0,0,0,2.4,0.0,11.74,98.79,63.7,60.99,7.25
100036,2019,0,0,Large,Other Services,Eastern & Midlands,0,0,0,0,0,0,2.95,0.0,11.86,110.95,64.17,54.65,6.98
100037,2019,0,0,Medium,Business Services,Eastern & Midlands,0,0,0,0,0,0,2.31,0.0,12.64,72.69,64.02,54.7,7.1
100038,2019,0,1,Large,Hospitality,Eastern & Midlands,0,0,0,0,0,0,2.53,0.0,11.1,77.81,61.64,57.77,6.99
100039,2019,0,0,Large,Hospitality,Southern,0,0,0,0,0,0,2.45,1.0,13.17,110.55,64.21,57.79,7.15
100040,2019,0,0,Small,Other Services,Eastern & Midlands,0,0,0,0,0,0,2.95,1.0,12.46,94.35,66.64,57.89,7.34
100041,2019,0,0,Large,Retail,Southern,0,0,0,0,0,0,2.15,0.0,12.19,83.32,64.43,52.83,7.03
100042,2019,0,1,Small,Retail,Northern & Western,0,0,0,0,0,0,2.6,1.0,14.33,90.05,63.82,59.4,7.26
100043,2019,0,0,Large,Other Services,Southern,0,0,0,0,0,0,3.0,0.0,10.81,93.62,64.27,59.52,7.48
100044,2019,0,1,Large,Other Services,Eastern & Midlands,0,0,0,0,0,0,2.55,0.0,14.09,87.86,67.59,57.5,7.43
100045,2019,0,0,Large,Other Services,Southern,0,0,0,0,0,0,2.82,0.0,12.42,91.32,66.34,58.95,7.15
100046,2019,0,1,Medium,Business Services,Southern,0,0,0,0,0,0,2.3,0.0,12.62,87.86,67.04,56.85,7.72
100047,2019,0,1,Medium,Construction,Southern,0,0,0,0,0,0,2.41,1.0,10.72,105.66,64.18,59.6,7.17
100048,2019,0,0,Small,Hospitality,Southern,0,0,0,0,0,0,2.85,0.0,15.23,100.73,62.84,59.93,6.94
100049,2019,0,0,Large,Other Services,Southern,0,0,0,0,0,0,2.98,0.0,13.06,91.53,63.67,57.56,6.62
100050,2019,0,0,Small,Construction,Eastern & Midlands,0,0,0,0,0,0,2.46,0.0,14.98,86.12,66.4,59.47,7.1
100051,2019,0,0,Small,Business Services,Southern,0,0,0,0,0,0,2.32,0.0,14.33,89.81,66.69,59.37,7.6
100052,2019,0,1,Large,Hospitality,Eastern & Midlands,0,0,0,0,0,0,2.36,1.0,9.54,81.91,62.79,57.85,6.99
100053,2019,0,0,Medium,Construction,Northern & Western,0,0,0,0,0,0,2.52,0.0,7.81,79.06,65.09,58.18,6.95
100054,2019,0,1,Medium,Hospitality,Southern,0,0,0,0,0,0,2.82,0.0,6.72,87.78,68.24,56.72,7.02
100055,2019,0,0,Small,Retail,Northern & Western,0,0,0,0,0,0,3.03,0.0,12.59,96.85,64.94,54.45,7.21
100056,2019,0,1,Medium,Other Services,Eastern & Midlands,0,0,0,0,0,0,2.88,0.0,11.12,81.92,65.0,56.45,7.1
100057,2019,0,0,Large,Retail,Southern,0,0,0,0,0,0,2.05,1.0,12.4,86.33,63.78,57.73,7.32
100058,2019,0,1,Large,Production,Northern & Western,0,0,0,0,0,0,2.84,0.0,10.9,88.48,62.69,61.32,7.16
100059,2019,0,0,Medium,Business Services,Eastern & Midlands,0,0,0,0,0,0,2.09,0.0,13.91,89.01,62.77,57.13,6.96
100060,2019,0,1,Medium,Other Services,Northern & Western,0,0,0,0,0,0,2.35,0.0,15.44,77.19,63.61,61.59,7.2
100061,2019,0,0,Small,Construction,Southern,0,0,0,0,0,0,2.37,0.0,13.3,107.03,64.53,59.76,6.59
100062,2019,0,1,Medium,Hospitality,Southern,0,0,0,0,0,0,1.94,0.0,14.31,101.16,62.86,62.11,7.02
100063,2019,0,1,Small,Production,Southern,0,0,0,0,0,0,1.64,0.0,15.72,79.89,62.28,56.81,7.29
100064,2019,0,1,Large,Business Services,Eastern & Midlands,0,0,0,0,0,0,2.47,0.0,14.39,88.46,63.12,60.73,7.24
100065,2019,0,0,Large,Business Services,Northern & Western,0,0,0,0,0,0,2.58,0.0,9.14,95.81,66.28,58.8,7.32
100066,2019,0,0,Large,Business Services,Eastern & Midlands,0,0,0,0,0,0,2.84,0.0,11.41,94.03,62.84,57.55,7.5
100067,2019,0,0,Medium,Construction,Northern & Western,0,0,0,0,0,0,2.14,0.0,14.25,79.35,59.51,58.55,7.34
100068,2019,0,0,Medium,Other Services,Eastern & Midlands,0,0,0,0,0,0,2.94,0.0,15.24,75.41,66.41,57.36,7.36
100069,2019,0,0,Medium,Retail,Southern,0,0,0,0,0,0,2.9,0.0,15.18,82.01,63.12,56.96,7.07
100070,2019,0,1,Small,Production,Northern & Western,0,0,0,0,0,0,2.71,0.0,13.15,87.62,63.25,57.92,7.34
100071,2019,0,0,Small,Construction,Northern & Western,0,0,0,0,0,0,2.59,0.0,14.38,86.16,68.72,57.2,7.29
100072,2019,0,0,Small,Hospitality,Northern & Western,0,0,0,0,0,0,2.58,0.0,12.78,104.35,68.53,59.09,7.03
100073,2019,0,0,Large,Construction,Eastern & Midlands,0,0,0,0,0,0,2.79,0.0,13.24,96.78,64.76,58.94,7.29
100074,2019,0,0,Small,Hospitality,Southern,0,0,0,0,0,0,3.15,0.0,10.59,88.46,62.64,56.83,7.05
100075,2019,0,0,Medium,Hospitality,Northern & Western,0,0,0,0,0,0,2.28,0.0,16.81,84.12,66.28,58.41,7.1
100076,2019,0,0,Medium,Business Services,Eastern & Midlands,0,0,0,0,0,0,2.54,0.0,11.47,111.15,66.26,56.86,7.43
100077,2019,0,0,Large,Construction,Northern & Western,0,0,0,0,0,0,2.54,0.0,12.49,90.62,65.75,56.88,7.19
100078,2019,0,0,Medium,Retail,Southern,0,0,0,0,0,0,2.6,0.0,18.14,67.3,64.1,56.57,7.16
100079,2019,0,0,Medium,Hospitality,Northern & Western,0,0,0,0,0,0,2.35,0.0,11.12,81.14,67.15,55.58,7.57
100080,2019,0,1,Medium,Business Services,Southern,0,0,0,0,0,0,2.25,0.0,12.39,87.09,66.29,55.67,7.24
100081,2019,0,1,Small,Retail,Eastern & Midlands,0,0,0,0,0,0,2.4,0.0,13.35,78.0,63.49,57.04,7.16
100082,2019,0,0,Small,Construction,Eastern & Midlands,0,0,0,0,0,0,2.94,1.0,12.63,105.1,63.0,54.91,7.34
100083,2019,0,0,Medium,Retail,Southern,0,0,0,0,0,0,2.93,0.0,12.45,66.64,64.33,60.86,7.04
100084,2019,0,1,Medium,Construction,Southern,0,0,0,0,0,0,1.98,0.0,13.12,83.27,61.96,57.91,7.14
100085,2019,0,0,Medium,Hospitality,Eastern & Midlands,0,0,0,0,0,0,2.47,1.0,9.65,89.69,64.45,60.4,6.97
100086,2019,0,0,Medium,Production,Southern,0,0,0,0,0,0,2.66,0.0,13.75,102.14,67.86,55.99,7.46
100087,2019,0,0,Small,Production,Southern,0,0,0,0,0,0,2.63,1.0,16.82,94.35,62.18,57.45,7.32
100088,2019,0,0,Large,Other Services,Northern & Western,0,0,0,0,0,0,2.5,1.0,11.38,111.8,65.52,57.42,7.05
100089,2019,0,0,Medium,Other Services,Eastern & Midlands,0,0,0,0,0,0,2.42,1.0,13.1,97.52,61.61,58.37,7.16
100090,2019,0,0,Small,Hospitality,Eastern & Midlands,0,0,0,0,0,0,3.14,0.0,15.96,66.67,63.84,55.26,7.37
100091,2019,0,1,Medium,Retail,Southern,0,0,0,0,0,0,2.39,1.0,12.34,74.75,67.0,57.43,6.85
100092,2019,0,1,Large,Construction,Southern,0,0,0,0,0,0,2.4,0.0,16.54,98.18,65.58,59.11,7.02
100093,2019,0,0,Small,Production,Southern,0,0,0,0,0,0,2.54,0.0,11.72,89.71,64.0,56.82,7.27
100094,2019,0,0,Small,Construction,Eastern & Midlands,0,0,0,0,0,0,3.01,0.0,16.21,86.35,61.45,56.12,7.17
100095,2019,0,0,Large,Hospitality,Northern & Western,0,0,0,0,0,0,2.74,0.0,11.32,91.44,65.69,57.63,7.07
100096,2019,0,1,Large,Retail,Eastern & Midlands,0,0,0,0,0,0,2.87,0.0,12.95,104.15,67.01,59.33,7.16
100097,2019,0,1,Small,Construction,Northern & Western,0,0,0,0,0,0,2.76,0.0,14.09,97.58,66.43,57.78,7.24
100098,2019,0,0,Large,Retail,Southern,0,0,0,0,0,0,3.24,1.0,9.27,95.24,64.7,58.34,6.78
100099,2019,0,0,Medium,Production,Eastern & Midlands,0,0,0,0,0,0,2.99,0.0,15.54,93.43,64.85,60.6,6.94
100100,2019,0,0,Large,Construction,Northern & Western,0,0,0,0,0,0,2.42,1.0,13.11,81.99,65.7,59.01,7.04
100101,2019,0,0,Large,Business Services,Eastern & Midlands,0,0,0,0,0,0,2.61,1.0,12.15,92.74,64.81,57.64,7.21
100102,2019,0,1,Small,Production,Northern & Western,0,0,0,0,0,0,2.75,0.0,15.35,85.04,65.85,57.58,7.36
100103,2019,0,1,Large,Retail,Northern & Western,0,0,0,0,0,0,2.76,0.0,17.77,97.91,62.74,59.21,7.46
100104,2019,0,0,Small,Hospitality,Eastern & Midlands,0,0,0,0,0,0,2.81,1.0,14.38,87.84,64.6,58.06,7.11
100105,2019,0,1,Medium,Business Services,Southern,0,0,0,0,0,0,2.66,0.0,17.39,117.18,63.7,56.33,7.05
100106,2019,0,0,Large,Other Services,Eastern & Midlands,0,0,0,0,0,0,2.76,0.0,14.06,90.29,65.5,58.87,7.39
100107,2019,0,0,Large,Construction,Southern,0,0,0,0,0,0,2.79,0.0,15.41,82.78,64.99,58.83,7.21
100108,2019,0,1,Small,Other Services,Northern & Western,0,0,0,0,0,0,2.61,1.0,9.05,96.19,65.92,57.38,7.02
100109,2019,0,1,Small,Production,Northern & Western,0,0,0,0,0,0,2.89,0.0,14.17,80.56,62.1,59.67,7.08
100110,2019,0,0,Large,Construction,Eastern & Midlands,0,0,0,0,0,0,1.84,0.0,12.55,74.42,61.61,61.07,7.21
100111,2019,0,0,Small,Construction,Eastern & Midlands,0,0,0,0,0,0,2.38,0.0,10.74,79.72,64.39,55.26,7.34
100112,2019,0,0,Large,Business Services,Southern,0,0,0,0,0,0,2.49,0.0,14.18,69.24,64.12,61.42,7.15
100113,2019,0,0,Medium,Business Services,Southern,0,0,0,0,0,0,2.56,0.0,15.47,94.98,62.0,58.37,7.23
100114,2019,0,1,Large,Business Services,Eastern & Midlands,0,0,0,0,0,0,2.92,0.0,12.95,102.66,62.4,56.99,7.27
100115,2019,0,0,Medium,Business Services,Southern,0,0,0,0,0,0,2.15,0.0,15.56,86.67,65.62,52.58,7.29
100116,2019,0,1,Medium,Hospitality,Southern,0,0,0,0,0,0,2.71,0.0,13.58,101.73,63.8,57.29,7.58
100117,2019,0,0,Small,Retail,Eastern & Midlands,0,0,0,0,0,0,3.17,1.0,11.33,72.86,64.22,60.04,7.07
100118,2019,0,0,Small,Business Services,Eastern & Midlands,0,0,0,0,0,0,1.99,0.0,8.19,96.25,62.34,55.4,7.2
100119,2019,0,1,Small,Production,Northern & Western,0,0,0,0,0,0,2.7,0.0,11.83,93.36,66.39,62.93,7.2
100120,2019,0,1,Small,Construction,Northern & Western,0,0,0,0,0,0,2.52,1.0,12.96,90.66,61.88,56.13,6.93
100121,2019,0,1,Large,Other Services,Eastern & Midlands,0,0,0,0,0,0,2.2,0.0,13.83,78.02,65.89,55.52,6.68
100122,2019,0,0,Medium,Business Services,Northern & Western,0,0,0,0,0,0,2.71,0.0,11.75,106.08,64.56,60.88,7.07
100123,2019,0,0,Large,Production,Southern,0,0,0,0,0,0,2.73,0.0,14.1,119.79,66.98,60.66,7.07
100124,2019,0,0,Medium,Hospitality,Eastern & Midlands,0,0,0,0,0,0,2.46,0.0,10.58,83.28,64.69,55.23,7.37
100125,2019,0,0,Medium,Production,Northern & Western,0,0,0,0,0,0,2.71,0.0,15.75,79.58,65.47,56.08,7.26
100126,2019,0,1,Medium,Other Services,Eastern & Midlands,0,0,0,0,0,0,2.52,0.0,10.75,80.65,67.49,59.3,7.41
100127,2019,0,0,Large,Other Services,Northern & Western,0,0,0,0,0,0,3.16,0.0,9.68,74.89,64.5,58.48,7.14
100128,2019,0,0,Small,Production,Eastern & Midlands,0,0,0,0,0,0,2.9,0.0,15.18,80.13,64.2,57.49,7.42
100129,2019,0,0,Large,Hospitality,Southern,0,0,0,0,0,0,2.52,0.0,10.66,93.43,61.84,59.36,7.04
100130,2019,0,0,Medium,Other Services,Northern & Western,0,0,0,0,0,0,2.24,0.0,14.47,94.78,66.48,59.21,7.16
100131,2019,0,0,Large,Hospitality,Eastern & Midlands,0,0,0,0,0,0,2.42,0.0,9.66,84.16,61.82,54.84,7.11
100132,2019,0,0,Medium,Construction,Southern,0,0,0,0,0,0,3.08,0.0,12.59,84.73,68.24,58.79,7.16
100133,2019,0,0,Small,Business Services,Northern & Western,0,0,0,0,0,0,2.33,0.0,15.86,82.81,62.47,56.03,6.82
100134,2019,0,1,Small,Other Services,Northern & Western,0,0,0,0,0,0,2.82,0.0,11.76,92.26,64.4,54.49,7.35
100135,2019,0,1,Large,Production,Eastern & Midlands,0,0,0,0,0,0,1.91,0.0,10.86,96.67,65.57,56.51,7.1
100136,2019,0,1,Small,Retail,Southern,0,0,0,0,0,0,2.53,0.0,15.22,87.8,63.81,59.05,7.4
100137,2019,0,1,Medium,Retail,Eastern & Midlands,0,0,0,0,0,0,2.77,0.0,14.48,96.49,66.05,59.09,7.02
100138,2019,0,0,Medium,Construction,Northern & Western,0,0,0,0,0,0,2.63,0.0,9.33,103.45,61.35,59.58,7.06
100139,2019,0,1,Small,Retail,Eastern & Midlands,0,0,0,0,0,0,2.79,0.0,11.88,98.97,62.71,57.36,7.3
100140,2019,0,0,Small,Construction,Eastern & Midlands,0,0,0,0,0,0,3.11,0.0,14.53,76.44,63.39,60.42,7.12
100141,2019,0,0,Small,Business Services,Southern,0,0,0,0,0,0,3.08,0.0,11.4,91.35,63.47,57.03,7.07
100142,2019,0,0,Large,Construction,Southern,0,0,0,0,0,0,2.45,0.0,7.5,100.8,64.26,58.11,6.96
100143,2019,0,0,Large,Hospitality,Northern & Western,0,0,0,0,0,0,2.41,0.0,12.03,89.18,64.12,61.25,7.01
100144,2019,0,0,Medium,Hospitality,Southern,0,0,0,0,0,0,2.83,0.0,10.89,86.4,63.75,58.58,7.35
100145,2019,0,1,Large,Hospitality,Eastern & Midlands,0,0,0,0,0,0,2.82,0.0,13.51,96.81,62.54,55.06,7.36
100146,2019,0,1,Large,Other Services,Northern & Western,0,0,0,0,0,0,2.56,0.0,13.55,81.37,59.95,56.42,7.05
100147,2019,0,1,Medium,Hospitality,Southern,0,0,0,0,0,0,3.05,0.0,12.9,78.46,65.33,62.8,7.22
100148,2019,0,0,Medium,Hospitality,Eastern & Midlands,0,0,0,0,0,0,3.02,0.0,10.41,93.55,65.45,57.86,7.04
100149,2019,0,0,Small,Hospitality,Eastern & Midlands,0,0,0,0,0,0,2.1,0.0,10.91,81.12,63.64,59.36,7.23
100150,2019,0,1,Small,Hospitality,Northern & Western,0,0,0,0,0,0,2.73,0.0,12.58,85.45,65.45,59.0,6.99
100151,2019,0,0,Large,Other Services,Northern & Western,0,0,0,0,0,0,2.43,1.0,11.77,94.61,63.84,59.22,7.22
100152,2019,0,1,Medium,Hospitality,Southern,0,0,0,0,0,0,2.46,0.0,11.77,100.3,65.34,58.69,7.1
100153,2019,0,0,Large,Hospitality,Southern,0,0,0,0,0,0,2.78,0.0,12.88,89.39,64.56,61.5,7.2
100154,2019,0,0,Large,Business Services,Southern,0,0,0,0,0,0,2.38,0.0,10.43,72.8,62.82,59.16,7.04
100155,2019,0,1,Medium,Other Services,Southern,0,0,0,0,0,0,2.84,0.0,14.56,102.19,60.36,57.53,7.12
100156,2019,0,0,Medium,Hospitality,Northern & Western,0,0,0,0,0,0,2.04,0.0,15.16,84.0,62.59,59.14,6.99
100157,2019,0,0,Medium,Construction,Eastern & Midlands,0,0,0,0,0,0,2.97,0.0,14.25,85.72,62.45,58.76,7.07
100158,2019,0,0,Medium,Business Services,Eastern & Midlands,0,0,0,0,0,0,3.01,0.0,13.21,91.64,62.84,56.8,7.17
100159,2019,0,0,Large,Other Services,Southern,0,0,0,0,0,0,2.35,0.0,13.8,116.76,63.53,60.35,7.21
100160,2019,0,0,Large,Retail,Northern & Western,0,0,0,0,0,0,2.89,1.0,16.33,93.3,65.35,60.04,7.15
100161,2019,0,0,Large,Production,Southern,0,0,0,0,0,0,2.65,0.0,11.3,87.73,64.07,61.53,7.34
100162,2019,0,0,Medium,Other Services,Southern,0,0,0,0,0,0,2.64,0.0,14.49,92.28,68.11,57.84,7.34
100163,2019,0,0,Small,Business Services,Northern & Western,0,0,0,0,0,0,2.45,0.0,9.15,88.05,63.16,57.61,7.16
100164,2019,0,0,Large,Hospitality,Eastern & Midlands,0,0,0,0,0,0,2.86,0.0,10.08,83.29,63.9,57.99,6.84
100165,2019,0,0,Small,Business Services,Eastern & Midlands,0,0,0,0,0,0,2.26,0.0,13.46,75.97,64.84,57.83,7.29
100166,2019,0,0,Small,Production,Southern,0,0,0,0,0,0,2.33,1.0,14.71,90.6,60.74,59.41,7.3
100167,2019,0,0,Small,Production,Northern & Western,0,0,0,0,0,0,2.39,1.0,10.39,94.79,67.14,55.8,7.25
100168,2019,0,1,Medium,Other Services,Eastern & Midlands,0,0,0,0,0,0,2.92,0.0,12.08,95.04,63.57,57.98,7.54
100169,2019,0,0,Medium,Hospitality,Eastern & Midlands,0,0,0,0,0,0,2.49,0.0,13.84,78.66,63.78,56.98,7.17
100170,2019,0,0,Large,Hospitality,Northern & Western,0,0,0,0,0,0,2.64,0.0,11.57,78.41,64.39,56.88,7.77
100171,2019,0,0,Large,Construction,Northern & Western,0,0,0,0,0,0,2.98,0.0,12.18,94.11,66.54,55.05,7.33
100172,2019,0,0,Medium,Production,Eastern & Midlands,0,0,0,0,0,0,2.21,0.0,14.37,106.65,65.1,53.78,7.02
100173,2019,0,1,Medium,Hospitality,Southern,0,0,0,0,0,0,3.34,0.0,11.77,93.09,66.18,57.32,6.86
100174,2019,0,0,Small,Production,Southern,0,0,0,0,0,0,2.78,0.0,12.31,100.74,64.21,61.12,7.49
100175,2019,0,1,Medium,Construction,Eastern & Midlands,0,0,0,0,0,0,2.54,0.0,12.09,99.76,64.75,58.46,7.01
100176,2019,0,0,Medium,Retail,Southern,0,0,0,0,0,0,2.75,1.0,11.6,101.3,63.23,55.19,6.97
100177,2019,0,0,Medium,Production,Southern,0,0,0,0,0,0,2.41,0.0,11.56,88.09,62.78,56.31,7.34
100178,2019,0,1,Medium,Construction,Northern & Western,0,0,0,0,0,0,1.83,0.0,12.1,89.19,63.58,56.45,7.18
100179,2019,0,0,Small,Construction,Northern & Western,0,0,0,0,0,0,2.31,0.0,16.91,86.55,63.69,57.88,7.23
100180,2019,0,0,Large,Construction,Northern & Western,0,0,0,0,0,0,2.71,0.0,10.46,86.15,63.97,57.77,7.06
100181,2019,0,0,Small,Business Services,Southern,0,0,0,0,0,0,2.4,0.0,9.99,104.5,65.29,60.12,7.25
100182,2019,0,0,Medium,Other Services,Northern & Western,0,0,0,0,0,0,2.32,0.0,10.93,98.82,61.8,56.66,6.89
100183,2019,0,0,Medium,Hospitality,Northern & Western,0,0,0,0,0,0,2.66,0.0,9.49,83.18,64.59,56.58,7.2
100184,2019,0,1,Large,Production,Eastern & Midlands,0,0,0,0,0,0,2.23,0.0,13.29,84.86,61.53,59.33,6.77
100185,2019,0,0,Large,Other Services,Northern & Western,0,0,0,0,0,0,2.53,1.0,14.45,94.89,61.71,60.36,6.83
100186,2019,0,0,Large,Business Services,Eastern & Midlands,0,0,0,0,0,0,2.3,0.0,13.39,83.16,64.46,56.28,7.34
100187,2019,0,1,Small,Production,Southern,0,0,0,0,0,0,2.86,0.0,16.22,73.58,64.04,56.65,7.39
100188,2019,0,0,Large,Other Services,Northern & Western,0,0,0,0,0,0,3.2,0.0,11.31,109.2,62.9,56.1,7.35
100189,2019,0,0,Medium,Business Services,Eastern & Midlands,0,0,0,0,0,0,2.64,0.0,12.88,90.57,66.51,56.48,7.18
100190,2019,0,0,Medium,Hospitality,Eastern & Midlands,0,0,0,0,0,0,2.69,0.0,14.69,92.17,63.06,56.97,6.8
100191,2019,0,1,Medium,Construction,Eastern & Midlands,0,0,0,0,0,0,2.25,0.0,14.87,87.46,65.3,60.21,7.53
100192,2019,0,0,Small,Other Services,Southern,0,0,0,0,0,0,2.69,1.0,10.68,101.49,66.02,57.4,7.36
100193,2019,0,0,Large,Other Services,Northern & Western,0,0,0,0,0,0,2.43,0.0,14.96,94.28,66.89,60.26,7.35
100194,2019,0,1,Large,Production,Southern,0,0,0,0,0,0,2.38,1.0,11.91,77.44,63.55,56.84,7.49
100195,2019,0,0,Large,Construction,Eastern & Midlands,0,0,0,0,0,0,2.72,0.0,12.79,91.89,64.15,54.86,7.04
100196,2019,0,0,Large,Hospitality,Southern,0,0,0,0,0,0,3.09,0.0,11.68,70.36,63.06,55.97,6.89
100197,2019,0,0,Medium,Production,Southern,0,0,0,0,0,0,2.45,0.0,11.07,87.85,63.05,58.13,7.55
100198,2019,0,0,Small,Retail,Eastern & Midlands,0,0,0,0,0,0,2.84,1.0,10.18,86.55,65.15,61.87,7.11
100199,2019,0,0,Large,Retail,Northern & Western,0,0,0,0,0,0,2.36,1.0,12.21,86.94,66.74,55.58,7.25
100200,2019,0,0,Medium,Retail,Northern & Western,0,0,0,0,0,0,2.57,0.0,15.18,87.2,62.85,59.39,7.16
100201,2019,0,0,Medium,Hospitality,Southern,0,0,0,0,0,0,2.63,0.0,19.16,100.98,62.64,57.76,7.22
100202,2019,0,0,Small,Retail,Northern & Western,0,0,0,0,0,0,2.92,0.0,13.46,83.54,61.59,59.11,7.14
100203,2019,0,1,Large,Other Services,Eastern & Midlands,0,0,0,0,0,0,1.91,0.0,10.82,89.4,63.03,58.33,7.3
100204,2019,0,1,Small,Production,Northern & Western,0,0,0,0,0,0,2.56,0.0,13.67,82.54,63.25,57.08,7.33
100205,2019,0,0,Large,Other Services,Southern,0,0,0,0,0,0,2.14,1.0,14.61,86.18,62.96,57.99,7.33
100206,2019,0,0,Small,Retail,Eastern & Midlands,0,0,0,0,0,0,2.81,0.0,14.08,101.62,64.99,56.73,7.12
100207,2019,0,1,Large,Production,Eastern & Midlands,0,0,0,0,0,0,2.43,0.0,14.31,73.33,66.21,54.51,7.2
100208,2019,0,0,Large,Other Services,Eastern & Midlands,0,0,0,0,0,0,2.7,0.0,10.69,91.97,66.21,62.04,7.32
100209,2019,0,1,Small,Hospitality,Southern,0,0,0,0,0,0,2.58,0.0,11.79,87.39,65.73,60.86,6.65
100210,2019,0,0,Large,Construction,Southern,0,0,0,0,0,0,2.65,0.0,14.66,86.27,63.0,60.94,7.19
100211,2019,0,0,Small,Other Services,Northern & Western,0,0,0,0,0,0,2.78,0.0,10.83,91.68,62.51,55.83,7.37
100212,2019,0,0,Small,Business Services,Southern,0,0,0,0,0,0,2.4,0.0,12.68,73.36,63.96,56.25,7.2
100213,2019,0,0,Large,Retail,Eastern & Midlands,0,0,0,0,0,0,1.74,1.0,9.22,74.76,63.52,56.88,7.24
100214,2019,0,0,Large,Business Services,Southern,0,0,0,0,0,0,2.5,0.0,10.16,81.65,65.82,57.46,7.43
100215,2019,0,0,Small,Construction,Southern,0,0,0,0,0,0,3.1,0.0,16.74,95.48,60.85,60.19,7.28
100216,2019,0,0,Medium,Hospitality,Northern & Western,0,0,0,0,0,0,2.61,0.0,13.85,100.3,63.33,55.45,7.34
100217,2019,0,1,Small,Other Services,Eastern & Midlands,0,0,0,0,0,0,1.94,1.0,13.38,76.99,64.44,56.8,7.23
100218,2019,0,0,Medium,Hospitality,Northern & Western,0,0,0,0,0,0,2.34,0.0,13.29,103.27,63.49,57.21,7.13
100219,2019,0,0,Medium,Construction,Northern & Western,0,0,0,0,0,0,2.47,0.0,14.73,86.33,60.53,57.54,7.38
100220,2019,0,0,Small,Business Services,Northern & Western,0,0,0,0,0,0,2.74,0.0,12.43,89.7,63.55,55.64,7.01
100221,2019,0,0,Small,Other Services,Eastern & Midlands,0,0,0,0,0,0,2.64,0.0,13.28,77.04,65.22,61.34,7.03
100222,2019,0,0,Small,Retail,Northern & Western,0,0,0,0,0,0,2.68,0.0,12.49,101.27,63.89,55.75,7.26
100223,2019,0,1,Medium,Production,Eastern & Midlands,0,0,0,0,0,0,3.16,0.0,10.86,76.36,65.29,58.63,7.08
100224,2019,0,1,Small,Hospitality,Northern & Western,0,0,0,0,0,0,2.89,0.0,14.25,84.19,65.72,60.14,7.08
100225,2019,0,0,Small,Construction,Northern & Western,0,0,0,0,0,0,2.41,0.0,10.53,88.8,65.24,56.48,6.98
100226,2019,0,0,Large,Other Services,Eastern & Midlands,0,0,0,0,0,0,2.85,0.0,15.64,90.31,66.05,61.6,7.24
100227,2019,0,0,Large,Business Services,Southern,0,0,0,0,0,0,2.79,0.0,13.94,106.39,64.67,56.35,7.19
100228,2019,0,1,Large,Retail,Northern & Western,0,0,0,0,0,0,2.66,0.0,11.6,82.41,65.46,59.62,6.99
100229,2019,0,0,Small,Business Services,Southern,0,0,0,0,0,0,2.95,0.0,13.26,84.9,63.7,57.89,7.26
100230,2019,0,0,Small,Retail,Northern & Western,0,0,0,0,0,0,2.91,1.0,15.17,93.4,64.79,59.9,7.16
100231,2019,0,0,Small,Other Services,Southern,0,0,0,0,0,0,2.68,0.0,11.88,86.51,67.27,57.64,7.31
100232,2019,0,0,Medium,Production,Southern,0,0,0,0,0,0,2.64,1.0,12.78,76.84,64.6,59.37,6.94
100233,2019,0,0,Medium,Production,Southern,0,0,0,0,0,0,2.09,0.0,16.57,90.87,60.9,60.22,7.12
100234,2019,0,1,Large,Construction,Southern,0,0,0,0,0,0,2.47,0.0,12.76,81.75,71.62,60.28,7.41
100235,2019,0,1,Medium,Construction,Southern,0,0,0,0,0,0,2.68,0.0,12.13,85.73,66.74,57.96,7.25
100236,2019,0,0,Medium,Retail,Eastern & Midlands,0,0,0,0,0,0,2.3,0.0,15.51,82.76,64.33,55.61,7.15
100237,2019,0,0,Medium,Retail,Southern,0,0,0,0,0,0,2.26,1.0,14.73,87.24,62.65,61.16,7.17
100238,2019,0,0,Large,Retail,Eastern & Midlands,0,0,0,0,0,0,2.96,1.0,13.72,92.94,60.59,60.88,7.39
100239,2019,0,1,Large,Retail,Northern & Western,0,0,0,0,0,0,2.38,0.0,10.06,78.94,62.52,59.15,7.11
100240,2019,0,0,Medium,Other Services,Eastern & Midlands,0,0,0,0,0,0,2.49,0.0,14.61,88.39,64.53,57.89,7.33
100241,2019,0,0,Small,Other Services,Southern,0,0,0,0,0,0,2.63,0.0,10.71,90.38,68.25,59.82,7.31
100242,2019,0,0,Large,Production,Eastern & Midlands,0,0,0,0,0,0,1.8,0.0,16.14,83.34,65.81,58.49,7.14
100243,2019,0,0,Medium,Construction,Southern,0,0,0,0,0,0,2.97,0.0,10.71,79.59,63.4,58.76,7.62
100244,2019,0,0,Small,Construction,Eastern & Midlands,0,0,0,0,0,0,2.73,0.0,11.19,100.82,62.11,55.8,6.98
100245,2019,0,1,Small,Hospitality,Northern & Western,0,0,0,0,0,0,2.16,0.0,14.22,93.88,64.17,57.57,7.23
100246,2019,0,0,Large,Construction,Southern,0,0,0,0,0,0,2.41,1.0,11.43,93.51,62.34,55.29,7.15
100247,2019,0,1,Small,Construction,Southern,0,0,0,0,0,0,2.62,0.0,12.01,83.04,63.92,57.39,7.1
100248,2019,0,1,Large,Business Services,Eastern & Midlands,0,0,0,0,0,0,2.94,0.0,12.14,83.28,61.42,60.05,7.23
100249,2019,0,1,Medium,Business Services,Eastern & Midlands,0,0,0,0,0,0,2.44,0.0,13.56,80.83,66.48,56.98,7.25
100250,2019,0,0,Large,Hospitality,Eastern & Midlands,0,0,0,0,0,0,3.26,1.0,14.96,96.96,63.23,58.1,7.07
100251,2019,0,0,Small,Retail,Eastern & Midlands,0,0,0,0,0,0,2.17,0.0,15.28,90.75,62.51,54.44,6.72
100252,2019,0,0,Large,Hospitality,Eastern & Midlands,0,0,0,0,0,0,2.38,0.0,13.72,88.96,65.74,57.7,7.21
100253,2019,0,0,Large,Hospitality,Southern,0,0,0,0,0,0,2.39,0.0,12.94,93.97,65.02,57.03,7.28
100254,2019,0,0,Medium,Production,Northern & Western,0,0,0,0,0,0,2.43,1.0,11.42,82.43,68.37,58.52,7.05
100255,2019,0,0,Small,Other Services,Eastern & Midlands,0,0,0,0,0,0,2.61,0.0,13.01,83.27,61.19,58.1,6.82
100256,2019,0,0,Large,Construction,Southern,0,0,0,0,0,0,2.35,0.0,10.58,96.99,61.65,58.37,7.27
100257,2019,0,1,Medium,Production,Northern & Western,0,0,0,0,0,0,2.92,0.0,13.79,72.18,64.85,58.49,7.33
100258,2019,0,0,Medium,Other Services,Northern & Western,0,0,0,0,0,0,2.47,0.0,11.74,77.55,66.48,56.73,7.33
100259,2019,0,1,Medium,Construction,Eastern & Midlands,0,0,0,0,0,0,2.4,0.0,12.12,93.54,65.1,58.75,6.95
100260,2019,0,1,Medium,Hospitality,Southern,0,0,0,0,0,0,2.88,0.0,16.01,94.22,65.78,59.97,6.98
100261,2019,0,0,Medium,Construction,Southern,0,0,0,0,0,0,2.6,0.0,15.98,85.96,68.79,61.6,6.8
100262,2019,0,0,Large,Retail,Southern,0,0,0,0,0,0,2.53,0.0,18.65,107.89,63.09,58.11,6.88
100263,2019,0,0,Large,Retail,Southern,0,0,0,0,0,0,2.73,0.0,13.37,92.78,66.31,56.73,7.04
100264,2019,0,1,Small,Hospitality,Southern,0,0,0,0,0,0,2.81,0.0,12.93,104.79,65.64,58.14,7.32
100265,2019,0,1,Large,Business Services,Northern & Western,0,0,0,0,0,0,2.64,0.0,10.27,110.55,63.14,58.61,7.45
100266,2019,0,1,Small,Retail,Northern & Western,0,0,0,0,0,0,2.06,0.0,15.7,91.58,63.8,58.61,7.11
100267,2019,0,1,Small,Hospitality,Northern & Western,0,0,0,0,0,0,2.66,0.0,15.58,78.94,66.54,53.97,7.08
100268,2019,0,1,Small,Production,Southern,0,0,0,0,0,0,2.49,0.0,11.46,98.51,63.35,55.98,7.26
100269,2019,0,0,Large,Business Services,Northern & Western,0,0,0,0,0,0,2.04,0.0,15.39,101.97,66.56,50.81,7.25
100270,2019,0,0,Medium,Retail,Northern & Western,0,0,0,0,0,0,2.91,0.0,11.94,106.06,63.68,55.9,7.23
100271,2019,0,0,Small,Hospitality,Eastern & Midlands,0,0,0,0,0,0,2.93,0.0,13.86,100.56,66.27,61.43,7.31
100272,2019,0,0,Medium,Hospitality,Northern & Western,0,0,0,0,0,0,2.38,0.0,12.23,89.28,61.74,59.74,7.14
100273,2019,0,0,Small,Production,Eastern & Midlands,0,0,0,0,0,0,2.52,0.0,12.62,97.29,64.78,56.92,6.89
100274,2019,0,1,Large,Production,Southern,0,0,0,0,0,0,2.58,0.0,10.56,97.71,63.34,56.29,7.2
100275,2019,0,0,Small,Business Services,Southern,0,0,0,0,0,0,2.04,0.0,15.11,105.7,63.58,54.82,7.29
100276,2019,0,0,Large,Other Services,Southern,0,0,0,0,0,0,2.64,0.0,13.94,106.57,64.43,57.8,7.55
100277,2019,0,0,Medium,Retail,Southern,0,0,0,0,0,0,3.08,1.0,11.69,85.62,63.34,59.17,7.03
100278,2019,0,0,Large,Hospitality,Northern & Western,0,0,0,0,0,0,3.13,0.0,18.0,85.54,63.83,56.72,7.17
100279,2019,0,0,Medium,Business Services,Eastern & Midlands,0,0,0,0,0,0,2.43,0.0,14.82,90.08,64.52,56.27,7.18
100280,2019,0,0,Large,Business Services,Southern,0,0,0,0,0,0,2.61,1.0,12.0,85.38,65.89,60.5,7.25
100281,2019,0,0,Small,Production,Southern,0,0,0,0,0,0,2.27,0.0,11.13,99.31,64.99,56.8,7.15
100282,2019,0,1,Small,Hospitality,Eastern & Midlands,0,0,0,0,0,0,2.63,0.0,13.56,85.71,63.24,61.43,7.26
100283,2019,0,1,Large,Construction,Eastern & Midlands,0,0,0,0,0,0,2.49,0.0,10.39,82.77,63.6,56.17,7.55
100284,2019,0,0,Medium,Other Services,Eastern & Midlands,0,0,0,0,0,0,3.16,0.0,13.3,80.76,65.68,57.46,7.27
100285,2019,0,0,Medium,Other Services,Eastern & Midlands,0,0,0,0,0,0,3.03,0.0,12.93,88.06,64.51,56.37,7.02
100286,2019,0,1,Medium,Production,Eastern & Midlands,0,0,0,0,0,0,3.08,1.0,12.49,71.37,63.1,56.88,7.23
100287,2019,0,1,Large,Hospitality,Northern & Western,0,0,0,0,0,0,2.4,0.0,12.87,70.83,67.96,59.9,7.23
100288,2019,0,0,Large,Business Services,Eastern & Midlands,0,0,0,0,0,0,2.86,0.0,10.76,90.05,62.75,56.2,6.99
100289,2019,0,0,Large,Other Services,Northern & Western,0,0,0,0,0,0,2.78,0.0,13.88,84.59,65.91,57.16,7.06
100290,2019,0,0,Large,Business Services,Eastern & Midlands,0,0,0,0,0,0,2.69,0.0,14.43,83.73,62.77,57.88,7.1
100291,2019,0,1,Medium,Retail,Eastern & Midlands,0,0,0,0,0,0,2.63,1.0,14.48,87.09,63.37,58.05,7.47
100292,2019,0,0,Medium,Construction,Southern,0,0,0,0,0,0,2.59,0.0,13.92,110.14,63.68,55.87,7.16
100293,2019,0,1,Large,Production,Southern,0,0,0,0,0,0,2.71,0.0,11.69,85.65,63.5,54.44,7.02
100294,2019,0,1,Large,Other Services,Southern,0,0,0,0,0,0,3.03,1.0,15.8,76.69,65.72,58.44,7.01
100295,2019,0,0,Medium,Retail,Southern,0,0,0,0,0,0,3.08,0.0,16.63,91.47,63.97,56.43,7.25
100296,2019,0,0,Medium,Retail,Southern,0,0,0,0,0,0,2.55,0.0,11.91,97.26,61.94,59.66,7.34
100297,2019,0,0,Small,Construction,Southern,0,0,0,0,0,0,2.51,0.0,17.32,61.85,62.93,56.39,7.1
100298,2019,0,0,Large,Production,Eastern & Midlands,0,0,0,0,0,0,2.74,0.0,9.3,86.01,62.34,59.75,7.29
100299,2019,0,0,Small,Production,Eastern & Midlands,0,0,0,0,0,0,2.23,0.0,11.09,98.82,62.96,56.76,6.85
100300,2019,0,1,Medium,Business Services,Southern,0,0,0,0,0,0,2.43,0.0,17.8,81.15,66.96,57.52,7.48
100301,2019,0,1,Medium,Production,Southern,0,0,0,0,0,0,3.01,0.0,14.2,84.68,67.06,57.79,7.31
100302,2019,0,0,Large,Retail,Southern,0,0,0,0,0,0,2.27,0.0,13.31,81.9,65.31,55.13,7.13
100303,2019,0,1,Small,Business Services,Eastern & Midlands,0,0,0,0,0,0,2.33,0.0,13.93,87.21,64.28,57.51,7.24
100304,2019,0,0,Medium,Production,Southern,0,0,0,0,0,0,2.35,1.0,13.45,93.69,63.66,57.63,6.99
100305,2019,0,0,Small,Construction,Southern,0,0,0,0,0,0,2.08,0.0,11.86,70.2,63.41,57.31,7.44
100306,2019,0,1,Small,Retail,Eastern & Midlands,0,0,0,0,0,0,2.92,0.0,14.26,83.9,61.4,58.09,7.43
100307,2019,0,1,Small,Hospitality,Eastern & Midlands,0,0,0,0,0,0,2.32,0.0,15.81,89.76,63.76,58.92,7.07
100308,2019,0,0,Small,Construction,Northern & Western,0,0,0,0,0,0,2.49,0.0,14.2,107.72,62.8,56.9,7.11
100309,2019,0,0,Small,Construction,Southern,0,0,0,0,0,0,2.47,0.0,14.94,110.72,63.14,55.86,7.03
100310,2019,0,1,Large,Production,Eastern & Midlands,0,0,0,0,0,0,2.8,0.0,12.59,91.37,64.39,58.41,7.61
100311,2019,0,0,Large,Business Services,Northern & Western,0,0,0,0,0,0,2.15,1.0,14.07,83.32,64.36,57.78,7.46
100312,2019,0,0,Small,Business Services,Eastern & Midlands,0,0,0,0,0,0,3.01,0.0,12.02,97.21,63.79,59.18,7.65
100313,2019,0,0,Large,Retail,Northern & Western,0,0,0,0,0,0,2.14,1.0,10.87,81.07,61.95,56.16,6.6
100314,2019,0,0,Medium,Production,Northern & Western,0,0,0,0,0,0,2.72,0.0,11.68,88.98,66.04,57.3,7.23
100315,2019,0,1,Small,Business Services,Southern,0,0,0,0,0,0,2.55,1.0,14.81,88.28,65.65,59.46,7.3
100316,2019,0,0,Large,Other Services,Southern,0,0,0,0,0,0,2.38,0.0,16.12,73.35,61.4,57.56,6.89
100317,2019,0,0,Large,Hospitality,Northern & Western,0,0,0,0,0,0,2.71,0.0,12.5,96.36,62.33,58.33,6.84
100318,2019,0,0,Medium,Other Services,Southern,0,0,0,0,0,0,2.4,0.0,9.22,98.03,66.82,58.94,7.27
100319,2019,0,0,Medium,Production,Eastern & Midlands,0,0,0,0,0,0,2.32,0.0,11.48,88.57,66.54,58.36,7.34
100320,2019,0,0,Medium,Production,Eastern & Midlands,0,0,0,0,0,0,2.5,0.0,11.55,81.43,63.04,55.31,7.19
100321,2019,0,0,Medium,Business Services,Northern & Western,0,0,0,0,0,0,2.74,0.0,12.82,110.29,60.29,54.44,7.19
100322,2019,0,0,Small,Construction,Northern & Western,0,0,0,0,0,0,2.79,0.0,13.0,111.03,64.31,57.52,7.74
100323,2019,0,1,Large,Production,Eastern & Midlands,0,0,0,0,0,0,2.52,0.0,12.24,94.1,64.81,58.57,7.43
100324,2019,0,0,Large,Construction,Eastern & Midlands,0,0,0,0,0,0,2.34,1.0,13.08,79.6,62.12,55.71,7.36
100325,2019,0,0,Medium,Retail,Northern & Western,0,0,0,0,0,0,2.76,0.0,16.75,90.93,62.89,56.63,7.19
100326,2019,0,1,Large,Retail,Eastern & Midlands,0,0,0,0,0,0,2.28,0.0,13.65,98.99,63.05,63.26,7.01
100327,2019,0,0,Large,Business Services,Eastern & Midlands,0,0,0,0,0,0,2.56,0.0,14.51,83.72,60.21,54.77,7.39
100328,2019,0,0,Large,Retail,Northern & Western,0,0,0,0,0,0,2.85,0.0,7.82,97.63,64.94,57.03,7.48
100329,2019,0,0,Medium,Other Services,Southern,0,0,0,0,0,0,2.59,0.0,11.59,85.84,66.17,58.03,7.17
100330,2019,0,0,Large,Other Services,Eastern & Midlands,0,0,0,0,0,0,2.53,0.0,11.11,104.82,59.5,55.9,7.23
100331,2019,0,0,Large,Other Services,Southern,0,0,0,0,0,0,2.6,0.0,13.34,76.11,66.26,61.48,7.26
100332,2019,0,0,Large,Business Services,Southern,0,0,0,0,0,0,2.55,0.0,15.14,96.35,63.96,56.04,7.19
100333,2019,0,1,Small,Business Services,Eastern & Midlands,0,0,0,0,0,0,1.9,0.0,11.47,84.38,64.16,55.85,7.59
100334,2019,0,0,Small,Other Services,Southern,0,0,0,0,0,0,2.28,0.0,11.58,111.04,63.02,56.02,7.26
100335,2019,0,1,Large,Construction,Northern & Western,0,0,0,0,0,0,2.43,0.0,12.32,95.96,61.99,59.02,7.28
100336,2019,0,0,Large,Other Services,Eastern & Midlands,0,0,0,0,0,0,2.46,0.0,10.31,79.92,63.11,58.17,7.03
100337,2019,0,0,Large,Construction,Eastern & Midlands,0,0,0,0,0,0,2.72,0.0,17.5,72.72,63.58,57.55,6.91
100338,2019,0,0,Large,Retail,Southern,0,0,0,0,0,0,2.63,1.0,11.09,80.11,65.52,57.22,7.01
100339,2019,0,0,Large,Construction,Eastern & Midlands,0,0,0,0,0,0,2.37,0.0,11.91,97.69,65.78,56.25,7.18
100340,2019,0,0,Large,Production,Eastern & Midlands,0,0,0,0,0,0,2.83,0.0,15.49,95.79,65.85,58.13,7.38
100341,2019,0,0,Small,Hospitality,Southern,0,0,0,0,0,0,2.58,1.0,14.38,104.35,60.41,56.44,7.41
100342,2019,0,0,Medium,Production,Southern,0,0,0,0,0,0,3.01,1.0,12.27,92.87,61.41,57.78,7.23
100343,2019,0,0,Large,Production,Eastern & Midlands,0,0,0,0,0,0,2.5,1.0,15.19,95.71,62.66,60.53,7.1
100344,2019,0,1,Large,Business Services,Eastern & Midlands,0,0,0,0,0,0,2.45,1.0,11.98,91.83,64.85,62.31,6.97
100345,2019,0,0,Large,Hospitality,Northern & Western,0,0,0,0,0,0,2.84,1.0,10.4,73.06,63.08,56.23,7.22
100346,2019,0,0,Medium,Business Services,Northern & Western,0,0,0,0,0,0,3.0,0.0,13.42,105.54,63.11,56.78,6.89
100347,2019,0,1,Large,Construction,Eastern & Midlands,0,0,0,0,0,0,2.19,0.0,8.97,88.03,64.44,59.47,7.4
100348,2019,0,1,Large,Other Services,Eastern & Midlands,0,0,0,0,0,0,2.89,0.0,14.4,96.5,62.49,54.94,7.63
100349,2019,0,0,Medium,Construction,Northern & Western,0,0,0,0,0,0,2.67,1.0,15.41,101.9,62.62,56.62,7.37
100350,2019,0,1,Large,Hospitality,Southern,0,0,0,0,0,0,2.58,1.0,11.88,103.27,64.61,57.03,7.14
100351,2019,0,0,Medium,Retail,Eastern & Midlands,0,0,0,0,0,0,3.01,0.0,13.63,95.73,62.4,57.05,6.72
100352,2019,0,0,Medium,Construction,Northern & Western,0,0,0,0,0,0,3.33,1.0,17.9,81.44,64.16,55.95,7.43
100353,2019,0,0,Large,Production,Northern & Western,0,0,0,0,0,0,3.09,0.0,12.11,103.93,62.51,60.02,7.27
100354,2019,0,1,Small,Hospitality,Eastern & Midlands,0,0,0,0,0,0,2.48,0.0,13.55,111.83,63.52,56.71,7.17
100355,2019,0,0,Small,Hospitality,Eastern & Midlands,0,0,0,0,0,0,2.55,1.0,13.28,78.46,67.15,61.81,6.89
100356,2019,0,1,Large,Construction,Northern & Western,0,0,0,0,0,0,2.54,0.0,15.38,82.97,64.8,55.99,7.45
100357,2019,0,0,Medium,Construction,Eastern & Midlands,0,0,0,0,0,0,2.72,0.0,15.05,101.78,66.05,57.84,7.26
100358,2019,0,0,Medium,Business Services,Southern,0,0,0,0,0,0,2.37,0.0,13.38,77.77,61.59,58.11,7.31
100359,2019,0,0,Medium,Business Services,Eastern & Midlands,0,0,0,0,0,0,2.47,0.0,13.21,80.42,62.92,61.19,7.4
100360,2019,0,0,Large,Production,Northern & Western,0,0,0,0,0,0,2.59,0.0,11.78,89.58,62.09,54.66,7.74
100361,2019,0,1,Small,Hospitality,Northern & Western,0,0,0,0,0,0,3.36,0.0,17.05,96.73,65.44,59.41,7.24
100362,2019,0,0,Medium,Retail,Eastern & Midlands,0,0,0,0,0,0,2.59,0.0,14.7,80.29,67.29,58.39,7.45
100363,2019,0,0,Medium,Retail,Northern & Western,0,0,0,0,0,0,2.36,0.0,10.38,90.4,64.59,57.1,7.61
100364,2019,0,1,Large,Hospitality,Southern,0,0,0,0,0,0,2.25,0.0,13.12,97.47,62.51,61.92,7.21
100365,2019,0,0,Small,Production,Eastern & Midlands,0,0,0,0,0,0,2.42,0.0,11.84,87.57,64.01,57.19,7.13
100366,2019,0,1,Small,Business Services,Eastern & Midlands,0,0,0,0,0,0,2.48,0.0,13.22,92.85,65.21,57.22,7.22
100367,2019,0,0,Large,Business Services,Northern & Western,0,0,0,0,0,0,2.65,0.0,8.21,91.4,65.57,57.96,7.09
100368,2019,0,1,Small,Business Services,Southern,0,0,0,0,0,0,2.86,1.0,11.97,73.94,57.81,60.28,7.24
100369,2019,0,0,Large,Retail,Eastern & Midlands,0,0,0,0,0,0,2.57,0.0,13.81,78.1,66.74,57.02,7.15
100370,2019,0,1,Medium,Retail,Northern & Western,0,0,0,0,0,0,2.4,0.0,14.9,88.54,63.52,57.55,7.56
100371,2019,0,0,Large,Production,Eastern & Midlands,0,0,0,0,0,0,2.06,0.0,16.81,88.58,63.86,57.26,7.34
100372,2019,0,1,Medium,Retail,Southern,0,0,0,0,0,0,2.56,0.0,12.23,93.22,63.01,57.26,7.24
100373,2019,0,1,Large,Construction,Northern & Western,0,0,0,0,0,0,2.52,0.0,11.38,72.69,61.8,57.12,7.51
100374,2019,0,0,Medium,Retail,Eastern & Midlands,0,0,0,0,0,0,2.52,0.0,11.74,75.03,67.07,58.46,6.81
100375,2019,0,1,Medium,Business Services,Northern & Western,0,0,0,0,0,0,2.35,0.0,13.17,89.96,64.83,57.27,7.25
100376,2019,0,0,Large,Production,Northern & Western,0,0,0,0,0,0,3.64,0.0,10.28,104.94,64.18,59.31,7.38
100377,2019,0,0,Medium,Hospitality,Southern,0,0,0,0,0,0,2.75,0.0,11.2,101.53,66.06,55.22,7.39
100378,2019,0,0,Small,Hospitality,Southern,0,0,0,0,0,0,2.29,0.0,10.38,75.81,63.38,57.69,6.99
100379,2019,0,1,Large,Production,Eastern & Midlands,0,0,0,0,0,0,2.72,0.0,13.53,85.31,63.62,57.68,7.38
100380,2019,0,1,Small,Construction,Northern & Western,0,0,0,0,0,0,2.44,0.0,8.97,75.59,62.75,56.08,7.23
100381,2019,0,0,Medium,Hospitality,Northern & Western,0,0,0,0,0,0,2.97,0.0,13.4,100.96,65.1,58.03,7.27
100382,2019,0,1,Medium,Business Services,Northern & Western,0,0,0,0,0,0,2.32,1.0,14.08,99.21,62.87,55.83,6.9
100383,2019,0,1,Medium,Hospitality,Eastern & Midlands,0,0,0,0,0,0,2.23,0.0,12.5,73.65,61.09,56.07,7.21
100384,2019,0,0,Large,Hospitality,Southern,0,0,0,0,0,0,2.42,0.0,13.43,81.3,65.41,57.98,6.93
100385,2019,0,0,Medium,Business Services,Southern,0,0,0,0,0,0,2.43,0.0,11.45,76.45,67.76,57.44,7.38
100386,2019,0,0,Small,Retail,Northern & Western,0,0,0,0,0,0,2.09,0.0,14.22,110.1,61.49,57.99,7.37
100387,2019,0,1,Small,Construction,Eastern & Midlands,0,0,0,0,0,0,3.3,0.0,12.61,99.6,63.84,61.14,7.26
100388,2019,0,0,Large,Business Services,Northern & Western,0,0,0,0,0,0,2.91,1.0,11.73,88.01,65.53,61.12,7.14
100389,2019,0,0,Small,Business Services,Southern,0,0,0,0,0,0,3.03,1.0,15.64,75.72,62.21,60.88,7.42
100390,2019,0,1,Large,Other Services,Northern & Western,0,0,0,0,0,0,2.45,0.0,12.32,89.82,65.96,61.0,6.84
100391,2019,0,0,Large,Production,Northern & Western,0,0,0,0,0,0,2.82,0.0,10.47,100.36,63.52,56.53,7.24
100392,2019,0,1,Medium,Construction,Northern & Western,0,0,0,0,0,0,2.42,1.0,16.28,81.58,62.59,60.04,7.14
100393,2019,0,0,Small,Retail,Southern,0,0,0,0,0,0,2.53,0.0,14.02,87.37,62.12,56.8,7.23
100394,2019,0,0,Small,Other Services,Eastern & Midlands,0,0,0,0,0,0,2.75,1.0,15.95,80.42,65.39,59.93,7.11
100395,2019,0,1,Small,Business Services,Northern & Western,0,0,0,0,0,0,2.62,0.0,12.28,99.21,61.91,58.9,7.25
100396,2019,0,0,Medium,Other Services,Southern,0,0,0,0,0,0,2.34,0.0,9.87,80.95,62.05,59.29,6.89
100397,2019,0,0,Large,Retail,Northern & Western,0,0,0,0,0,0,3.05,0.0,11.16,85.59,64.82,54.99,7.19
100398,2019,0,0,Small,Other Services,Eastern & Midlands,0,0,0,0,0,0,1.95,1.0,13.52,79.93,62.54,59.67,7.37
100399,2019,0,1,Small,Other Services,Northern & Western,0,0,0,0,0,0,2.06,0.0,13.8,86.36,64.58,59.9,7.31
100400,2019,0,0,Small,Other Services,Eastern & Midlands,0,0,0,0,0,0,2.44,0.0,15.43,92.15,64.65,55.72,7.06
100401,2019,0,1,Small,Business Services,Southern,0,0,0,0,0,0,2.37,0.0,13.67,113.29,62.69,60.28,7.63
100402,2019,0,1,Medium,Business Services,Eastern & Midlands,0,0,0,0,0,0,2.71,0.0,15.31,76.57,62.18,58.73,7.24
100403,2019,0,0,Large,Production,Eastern & Midlands,0,0,0,0,0,0,2.35,0.0,12.88,89.4,64.69,58.11,6.87
100404,2019,0,1,Small,Hospitality,Southern,0,0,0,0,0,0,2.61,0.0,11.35,88.81,63.38,58.12,6.79
100405,2019,0,0,Small,Construction,Eastern & Midlands,0,0,0,0,0,0,2.51,0.0,16.03,95.98,62.23,59.22,6.94
100406,2019,0,0,Large,Production,Eastern & Midlands,0,0,0,0,0,0,2.78,0.0,12.33,70.97,65.66,57.27,7.22
100407,2019,0,0,Medium,Retail,Southern,0,0,0,0,0,0,2.97,0.0,12.85,83.37,62.52,57.96,7.25
100408,2019,0,0,Medium,Other Services,Eastern & Midlands,0,0,0,0,0,0,3.05,0.0,14.61,96.85,63.22,58.95,7.36
100409,2019,0,1,Medium,Business Services,Eastern & Midlands,0,0,0,0,0,0,2.67,1.0,12.14,94.89,63.58,56.83,7.01
100410,2019,0,0,Medium,Other Services,Northern & Western,0,0,0,0,0,0,2.41,0.0,13.73,96.51,60.11,58.28,7.15
100411,2019,0,1,Small,Business Services,Eastern & Midlands,0,0,0,0,0,0,2.66,1.0,11.52,91.46,60.49,59.98,6.86
100412,2019,0,0,Large,Construction,Eastern & Midlands,0,0,0,0,0,0,2.05,0.0,11.66,87.33,67.36,56.81,7.11
100413,2019,0,1,Large,Production,Eastern & Midlands,0,0,0,0,0,0,2.98,1.0,10.11,81.63,61.74,59.15,7.4
100414,2019,0,1,Large,Production,Southern,0,0,0,0,0,0,2.73,0.0,12.45,89.23,63.72,59.05,6.82
100415,2019,0,1,Medium,Retail,Eastern & Midlands,0,0,0,0,0,0,2.02,0.0,13.76,106.03,65.35,53.41,7.24
100416,2019,0,1,Medium,Production,Southern,0,0,0,0,0,0,3.08,0.0,16.16,99.44,64.24,59.51,7.38
100417,2019,0,1,Large,Production,Southern,0,0,0,0,0,0,3.12,1.0,8.4,64.24,61.84,59.22,7.19
100418,2019,0,0,Small,Hospitality,Eastern & Midlands,0,0,0,0,0,0,2.9,0.0,14.28,88.98,65.77,56.39,7.47
100419,2019,0,1,Medium,Construction,Eastern & Midlands,0,0,0,0,0,0,2.56,0.0,16.63,93.36,63.68,60.91,7.4
100420,2019,0,0,Small,Other Services,Eastern & Midlands,0,0,0,0,0,0,2.7,0.0,14.91,84.18,60.82,58.64,7.35
100421,2019,0,0,Large,Production,Eastern & Midlands,0,0,0,0,0,0,2.58,0.0,12.02,84.28,64.16,57.5,7.15
100422,2019,0,0,Medium,Retail,Eastern & Midlands,0,0,0,0,0,0,2.63,0.0,13.14,96.65,63.1,62.26,7.16
100423,2019,0,1,Small,Other Services,Eastern & Midlands,0,0,0,0,0,0,2.29,0.0,9.32,106.25,61.39,57.68,7.11
100424,2019,0,0,Medium,Business Services,Eastern & Midlands,0,0,0,0,0,0,2.32,0.0,13.5,84.65,63.16,58.5,6.95
100425,2019,0,1,Large,Production,Southern,0,0,0,0,0,0,2.69,1.0,13.78,80.88,61.28,58.91,6.95
100426,2019,0,0,Large,Production,Northern & Western,0,0,0,0,0,0,2.94,0.0,14.23,86.59,62.77,59.24,7.42
100427,2019,0,0,Large,Other Services,Southern,0,0,0,0,0,0,2.54,0.0,14.37,104.17,64.94,57.18,7.18
100428,2019,0,0,Small,Business Services,Eastern & Midlands,0,0,0,0,0,0,2.54,1.0,12.81,92.58,64.3,60.16,7.32
100429,2019,0,0,Medium,Hospitality,Northern & Western,0,0,0,0,0,0,2.74,0.0,13.1,85.42,65.78,55.47,6.79
100430,2019,0,0,Medium,Construction,Northern & Western,0,0,0,0,0,0,2.28,0.0,8.39,77.72,62.57,61.32,7.19
100431,2019,0,0,Medium,Hospitality,Eastern & Midlands,0,0,0,0,0,0,2.85,1.0,10.88,88.9,62.44,54.85,7.19
100432,2019,0,0,Large,Retail,Eastern & Midlands,0,0,0,0,0,0,2.05,0.0,14.15,86.54,65.0,56.99,7.49
100433,2019,0,0,Small,Other Services,Southern,0,0,0,0,0,0,2.89,1.0,16.06,86.86,65.5,53.44,7.18
100434,2019,0,0,Large,Production,Northern & Western,0,0,0,0,0,0,2.29,0.0,10.22,85.24,65.75,58.67,7.07
100435,2019,0,0,Large,Hospitality,Northern & Western,0,0,0,0,0,0,2.82,0.0,13.5,102.19,63.22,60.84,7.04
100436,2019,0,1,Small,Construction,Eastern & Midlands,0,0,0,0,0,0,2.33,1.0,11.83,91.17,62.66,57.3,7.35
100437,2019,0,1,Large,Retail,Eastern & Midlands,0,0,0,0,0,0,2.16,0.0,15.55,94.31,63.97,59.01,7.16
100438,2019,0,1,Large,Hospitality,Northern & Western,0,0,0,0,0,0,2.03,0.0,15.38,78.34,64.86,52.88,7.39
100439,2019,0,0,Medium,Production,Northern & Western,0,0,0,0,0,0,2.62,0.0,11.86,90.7,65.89,58.43,7.15
100440,2019,0,1,Small,Construction,Eastern & Midlands,0,0,0,0,0,0,2.64,0.0,13.86,72.08,66.09,57.7,7.36
100441,2019,0,0,Small,Production,Eastern & Midlands,0,0,0,0,0,0,2.53,1.0,15.87,90.43,62.44,54.51,7.16
100442,2019,0,0,Medium,Production,Eastern & Midlands,0,0,0,0,0,0,2.69,1.0,12.06,91.08,66.89,56.64,6.89
100443,2019,0,0,Small,Retail,Southern,0,0,0,0,0,0,2.48,0.0,12.48,87.66,63.78,56.87,7.43
100444,2019,0,1,Medium,Construction,Southern,0,0,0,0,0,0,2.61,1.0,9.96,76.13,63.97,58.36,7.03
100445,2019,0,0,Large,Business Services,Eastern & Midlands,0,0,0,0,0,0,2.6,1.0,18.57,96.11,63.39,62.53,7.01
100446,2019,0,0,Small,Production,Southern,0,0,0,0,0,0,2.55,0.0,9.74,89.61,63.44,61.88,7.07
100447,2019,0,1,Small,Construction,Northern & Western,0,0,0,0,0,0,2.97,0.0,9.76,104.58,68.02,58.47,6.7
100448,2019,0,0,Large,Production,Northern & Western,0,0,0,0,0,0,2.82,0.0,12.37,79.81,62.44,60.18,7.32
100449,2019,0,0,Large,Hospitality,Eastern & Midlands,0,0,0,0,0,0,2.93,0.0,11.77,78.61,64.3,56.68,7.21
100450,2019,0,0,Small,Hospitality,Northern & Western,0,0,0,0,0,0,2.47,1.0,13.85,75.76,63.61,55.41,7.2
100451,2019,0,1,Small,Construction,Northern & Western,0,0,0,0,0,0,2.62,1.0,14.73,102.45,64.8,56.76,7.39
100452,2019,0,0,Small,Retail,Northern & Western,0,0,0,0,0,0,2.33,0.0,16.22,73.32,63.65,58.93,7.23
100453,2019,0,0,Medium,Business Services,Northern & Western,0,0,0,0,0,0,2.46,0.0,12.66,92.86,60.69,54.38,7.16
100454,2019,0,0,Small,Hospitality,Northern & Western,0,0,0,0,0,0,2.23,0.0,13.99,93.06,61.46,57.16,6.99
100455,2019,0,0,Small,Retail,Southern,0,0,0,0,0,0,2.83,0.0,15.5,90.37,63.57,57.74,7.11
100456,2019,0,0,Large,Business Services,Southern,0,0,0,0,0,0,2.88,0.0,13.09,96.1,61.83,58.16,7.32
100457,2019,0,0,Large,Hospitality,Eastern & Midlands,0,0,0,0,0,0,2.37,1.0,10.23,100.15,63.03,60.15,7.36
100458,2019,0,1,Medium,Business Services,Northern & Western,0,0,0,0,0,0,2.69,1.0,11.32,96.16,66.44,56.87,7.24
100459,2019,0,1,Large,Other Services,Southern,0,0,0,0,0,0,2.88,0.0,13.93,112.04,64.72,58.26,7.17
100460,2019,0,0,Small,Production,Southern,0,0,0,0,0,0,2.63,0.0,13.69,108.78,63.73,57.66,7.15
100461,2019,0,0,Small,Construction,Southern,0,0,0,0,0,0,2.48,0.0,11.25,101.1,59.62,58.16,7.11
100462,2019,0,0,Medium,Hospitality,Northern & Western,0,0,0,0,0,0,2.84,0.0,12.29,83.35,62.65,59.84,7.41
100463,2019,0,0,Large,Hospitality,Southern,0,0,0,0,0,0,3.11,0.0,11.66,81.06,63.52,56.9,7.21
100464,2019,0,0,Large,Production,Eastern & Midlands,0,0,0,0,0,0,2.96,0.0,13.4,102.15,61.2,58.81,7.18
100465,2019,0,0,Large,Hospitality,Eastern & Midlands,0,0,0,0,0,0,2.86,0.0,8.91,93.15,66.83,56.99,7.19
100466,2019,0,1,Medium,Hospitality,Northern & Western,0,0,0,0,0,0,2.47,0.0,11.4,88.75,62.32,56.03,7.01
100467,2019,0,1,Large,Other Services,Eastern & Midlands,0,0,0,0,0,0,2.45,0.0,10.51,89.92,63.95,56.88,6.85
100468,2019,0,1,Large,Hospitality,Southern,0,0,0,0,0,0,2.65,1.0,11.99,93.54,64.36,60.25,7.11
100469,2019,0,0,Large,Hospitality,Northern & Western,0,0,0,0,0,0,2.73,0.0,13.88,104.44,66.02,57.16,7.3
100470,2019,0,1,Small,Hospitality,Eastern & Midlands,0,0,0,0,0,0,3.42,0.0,13.24,82.68,63.83,57.91,7.47
100471,2019,0,0,Medium,Retail,Northern & Western,0,0,0,0,0,0,2.68,0.0,15.65,94.87,64.59,57.94,7.44
100472,2019,0,0,Small,Hospitality,Southern,0,0,0,0,0,0,2.62,1.0,16.07,113.84,64.05,59.16,7.0
100473,2019,0,0,Medium,Production,Eastern & Midlands,0,0,0,0,0,0,2.4,0.0,10.59,84.62,66.21,57.23,7.19
100474,2019,0,1,Large,Other Services,Southern,0,0,0,0,0,0,3.15,0.0,11.56,81.5,62.89,57.44,7.42
100475,2019,0,1,Small,Hospitality,Eastern & Midlands,0,0,0,0,0,0,2.36,1.0,13.73,80.84,64.85,60.17,7.39
100476,2019,0,0,Large,Business Services,Northern & Western,0,0,0,0,0,0,2.53,1.0,13.0,110.22,62.1,52.77,7.42
100477,2019,0,0,Large,Other Services,Eastern & Midlands,0,0,0,0,0,0,2.45,0.0,9.33,96.49,58.95,57.75,7.32
100478,2019,0,0,Medium,Other Services,Eastern & Midlands,0,0,0,0,0,0,2.53,1.0,13.19,92.08,65.23,61.47,7.51
100479,2019,0,0,Large,Business Services,Eastern & Midlands,0,0,0,0,0,0,2.31,0.0,11.14,88.39,62.8,57.48,7.11
100480,2019,0,0,Small,Production,Northern & Western,0,0,0,0,0,0,3.26,0.0,10.76,83.35,60.99,60.06,7.22
100481,2019,0,0,Medium,Retail,Eastern & Midlands,0,0,0,0,0,0,2.45,0.0,10.72,64.59,65.58,59.07,6.93
100482,2019,0,0,Medium,Production,Southern,0,0,0,0,0,0,2.56,0.0,9.24,87.58,65.51,59.86,7.23
100483,2019,0,0,Small,Retail,Northern & Western,0,0,0,0,0,0,2.78,0.0,16.04,91.77,63.18,57.97,7.06
100484,2019,0,0,Large,Construction,Northern & Western,0,0,0,0,0,0,2.55,0.0,11.02,72.85,62.41,56.48,7.06
100485,2019,0,0,Large,Business Services,Southern,0,0,0,0,0,0,2.83,0.0,11.88,101.34,64.19,58.54,7.09
100486,2019,0,0,Large,Other Services,Northern & Western,0,0,0,0,0,0,2.79,0.0,11.04,83.03,61.22,57.01,7.13
100487,2019,0,0,Large,Other Services,Eastern & Midlands,0,0,0,0,0,0,1.94,0.0,13.63,105.37,64.28,61.57,7.0
100488,2019,0,0,Large,Other Services,Northern & Western,0,0,0,0,0,0,2.51,0.0,10.29,84.73,66.26,57.85,7.14
100489,2019,0,0,Medium,Business Services,Southern,0,0,0,0,0,0,2.77,0.0,15.42,82.23,65.65,58.91,6.8
100490,2019,0,0,Medium,Business Services,Northern & Western,0,0,0,0,0,0,2.8,0.0,11.82,104.94,60.82,57.03,7.26
100491,2019,0,1,Small,Retail,Southern,0,0,0,0,0,0,2.97,1.0,15.33,64.79,62.79,58.93,7.2
100492,2019,0,1,Large,Other Services,Northern & Western,0,0,0,0,0,0,2.77,0.0,15.8,103.4,64.33,59.72,7.39
100493,2019,0,1,Large,Production,Southern,0,0,0,0,0,0,2.57,0.0,13.12,86.49,62.52,59.75,7.41
100494,2019,0,0,Large,Retail,Northern & Western,0,0,0,0,0,0,2.44,0.0,14.96,94.68,65.53,57.76,7.2
100495,2019,0,1,Small,Other Services,Eastern & Midlands,0,0,0,0,0,0,2.55,0.0,9.99,89.85,63.9,61.44,7.37
100496,2019,0,1,Large,Business Services,Southern,0,0,0,0,0,0,2.51,0.0,14.94,96.17,61.71,59.15,6.97
100497,2019,0,1,Medium,Business Services,Southern,0,0,0,0,0,0,2.6,1.0,12.68,86.25,66.85,59.16,6.93
100498,2019,0,1,Large,Business Services,Northern & Western,0,0,0,0,0,0,2.76,0.0,14.36,89.92,63.15,59.58,7.26
100499,2019,0,1,Small,Other Services,Northern & Western,0,0,0,0,0,0,2.22,0.0,13.38,85.25,59.77,58.99,7.24
100500,2019,0,0,Medium,Business Services,Northern & Western,0,0,0,0,0,0,3.12,0.0,11.82,96.89,62.77,57.39,7.32
100501,2019,0,1,Medium,Construction,Eastern & Midlands,0,0,0,0,0,0,2.6,0.0,12.41,87.53,65.66,57.43,7.71
100502,2019,0,1,Medium,Business Services,Northern & Western,0,0,0,0,0,0,2.17,0.0,14.82,102.2,63.92,56.49,7.14
100503,2019,0,1,Large,Other Services,Southern,0,0,0,0,0,0,2.71,0.0,11.1,86.22,60.14,55.68,7.3
100504,2019,0,0,Small,Retail,Northern & Western,0,0,0,0,0,0,2.87,0.0,14.59,83.44,68.85,59.63,7.09
100505,2019,0,0,Small,Business Services,Eastern & Midlands,0,0,0,0,0,0,2.77,0.0,10.08,106.77,66.83,57.97,6.96
100506,2019,0,0,Large,Hospitality,Northern & Western,0,0,0,0,0,0,2.86,0.0,10.95,86.18,62.76,55.89,7.48
100507,2019,0,0,Small,Construction,Northern & Western,0,0,0,0,0,0,2.2,1.0,7.81,82.58,61.49,59.11,6.96
100508,2019,0,0,Medium,Other Services,Southern,0,0,0,0,0,0,2.27,0.0,11.81,85.74,64.06,56.45,7.21
100509,2019,0,0,Medium,Business Services,Northern & Western,0,0,0,0,0,0,2.5,1.0,13.26,80.86,63.32,58.81,7.68
100510,2019,0,0,Small,Hospitality,Eastern & Midlands,0,0,0,0,0,0,2.72,0.0,14.79,89.24,63.46,59.51,7.5
100511,2019,0,0,Small,Other Services,Northern & Western,0,0,0,0,0,0,2.84,0.0,16.23,99.07,63.88,58.34,7.3
100512,2019,0,1,Large,Retail,Northern & Western,0,0,0,0,0,0,2.21,0.0,14.09,73.14,65.67,60.99,7.24
100513,2019,0,1,Large,Construction,Southern,0,0,0,0,0,0,2.51,0.0,11.89,102.54,61.3,57.29,7.36
100514,2019,0,0,Large,Business Services,Northern & Western,0,0,0,0,0,0,2.71,1.0,12.53,82.7,65.1,59.47,7.21
100515,2019,0,1,Large,Retail,Southern,0,0,0,0,0,0,3.07,0.0,13.14,100.5,62.36,58.28,6.98
100516,2019,0,0,Large,Other Services,Southern,0,0,0,0,0,0,2.13,0.0,14.85,99.37,62.31,58.0,7.31
100517,2019,0,0,Large,Hospitality,Northern & Western,0,0,0,0,0,0,2.21,0.0,13.91,72.57,63.84,60.54,7.07
100518,2019,0,1,Medium,Other Services,Southern,0,0,0,0,0,0,2.65,0.0,13.08,69.81,61.58,58.48,7.2
100519,2019,0,0,Small,Other Services,Southern,0,0,0,0,0,0,2.87,0.0,11.17,76.64,66.3,56.71,7.18
100520,2019,0,0,Large,Construction,Northern & Western,0,0,0,0,0,0,2.37,0.0,13.4,73.24,61.26,54.37,7.18
100521,2019,0,0,Medium,Business Services,Northern & Western,0,0,0,0,0,0,2.78,0.0,16.13,86.3,64.88,57.91,7.23
100522,2019,0,0,Small,Retail,Eastern & Midlands,0,0,0,0,0,0,2.49,0.0,13.72,82.42,63.93,58.27,7.2
100523,2019,0,0,Small,Construction,Eastern & Midlands,0,0,0,0,0,0,2.38,0.0,14.85,80.19,63.36,57.71,7.6
100524,2019,0,1,Small,Hospitality,Southern,0,0,0,0,0,0,2.82,0.0,16.3,92.36,63.34,56.06,7.19
100525,2019,0,0,Large,Business Services,Southern,0,0,0,0,0,0,2.78,0.0,16.67,82.81,59.84,57.31,7.2
100526,2019,0,1,Large,Construction,Northern & Western,0,0,0,0,0,0,2.31,0.0,15.04,83.65,65.93,58.01,7.22
100527,2019,0,1,Large,Hospitality,Eastern & Midlands,0,0,0,0,0,0,2.6,0.0,9.93,92.2,63.61,55.71,7.45
100528,2019,0,0,Small,Hospitality,Eastern & Midlands,0,0,0,0,0,0,2.83,0.0,12.82,103.21,64.03,58.17,7.45
100529,2019,0,0,Small,Retail,Northern & Western,0,0,0,0,0,0,2.18,0.0,12.34,102.14,66.54,59.27,7.28
100530,2019,0,0,Medium,Other Services,Northern & Western,0,0,0,0,0,0,2.27,1.0,17.28,72.18,63.08,54.86,7.34
100531,2019,0,0,Medium,Hospitality,Northern & Western,0,0,0,0,0,0,2.36,0.0,16.23,82.76,65.9,56.23,7.59
100532,2019,0,0,Medium,Hospitality,Northern & Western,0,0,0,0,0,0,3.13,0.0,10.33,88.48,65.02,56.53,6.98
100533,2019,0,0,Medium,Other Services,Eastern & Midlands,0,0,0,0,0,0,3.17,0.0,10.5,84.71,63.68,56.31,7.02
100534,2019,0,0,Small,Production,Northern & Western,0,0,0,0,0,0,3.19,0.0,12.39,82.78,64.19,61.19,7.34
100535,2019,0,1,Large,Hospitality,Northern & Western,0,0,0,0,0,0,2.97,0.0,12.52,100.22,66.28,61.33,7.21
100536,2019,0,1,Large,Business Services,Eastern & Midlands,0,0,0,0,0,0,2.17,0.0,12.16,92.05,62.93,56.83,7.02
100537,2019,0,1,Large,Construction,Northern & Western,0,0,0,0,0,0,2.86,0.0,11.11,99.47,65.27,57.96,7.13
100538,2019,0,1,Large,Other Services,Eastern & Midlands,0,0,0,0,0,0,2.89,0.0,10.33,92.29,60.35,58.34,7.25
100539,2019,0,0,Medium,Other Services,Eastern & Midlands,0,0,0,0,0,0,3.0,1.0,12.96,102.91,59.72,56.28,7.09
100540,2019,0,1,Small,Other Services,Northern & Western,0,0,0,0,0,0,2.55,0.0,7.53,82.81,61.59,56.32,7.26
100541,2019,0,0,Large,Business Services,Northern & Western,0,0,0,0,0,0,2.76,1.0,10.49,78.08,62.39,58.04,7.16
100542,2019,0,0,Small,Other Services,Southern,0,0,0,0,0,0,2.59,0.0,15.43,108.26,65.79,58.86,7.12
100543,2019,0,1,Medium,Business Services,Southern,0,0,0,0,0,0,2.4,0.0,12.64,86.93,65.84,60.63,7.0
100544,2019,0,1,Medium,Retail,Eastern & Midlands,0,0,0,0,0,0,2.16,0.0,13.54,73.98,64.43,57.33,7.05
100545,2019,0,1,Large,Production,Eastern & Midlands,0,0,0,0,0,0,2.54,0.0,10.48,78.08,63.57,57.14,7.29
100546,2019,0,0,Large,Other Services,Southern,0,0,0,0,0,0,2.2,0.0,15.13,82.33,62.9,55.69,6.93
100547,2019,0,1,Medium,Production,Eastern & Midlands,0,0,0,0,0,0,3.12,0.0,13.65,91.19,65.45,56.8,6.94
100548,2019,0,1,Medium,Other Services,Southern,0,0,0,0,0,0,2.45,1.0,12.73,96.2,62.77,63.88,7.23
100549,2019,0,0,Small,Business Services,Northern & Western,0,0,0,0,0,0,2.29,0.0,12.17,86.98,61.89,53.23,7.27
100550,2019,0,1,Medium,Construction,Northern & Western,0,0,0,0,0,0,2.56,0.0,13.43,97.99,65.36,58.49,7.38
100551,2019,0,0,Small,Production,Northern & Western,0,0,0,0,0,0,2.62,0.0,12.93,89.4,64.97,56.12,7.11
100552,2019,0,1,Medium,Production,Eastern & Midlands,0,0,0,0,0,0,2.36,1.0,12.08,89.05,62.4,62.92,7.53
100553,2019,0,0,Small,Business Services,Northern & Western,0,0,0,0,0,0,2.84,0.0,14.14,89.8,67.44,58.26,7.17
100554,2019,0,0,Medium,Production,Eastern & Midlands,0,0,0,0,0,0,2.26,1.0,11.01,79.94,61.55,59.33,6.83
100555,2019,0,0,Medium,Retail,Northern & Western,0,0,0,0,0,0,2.49,1.0,15.04,80.57,61.66,59.41,7.2
100556,2019,0,0,Small,Business Services,Eastern & Midlands,0,0,0,0,0,0,2.54,0.0,11.21,79.68,62.47,54.83,7.02
100557,2019,0,0,Small,Production,Eastern & Midlands,0,0,0,0,0,0,1.98,1.0,13.57,78.25,66.19,54.95,7.48
100558,2019,0,1,Large,Production,Southern,0,0,0,0,0,0,2.41,0.0,13.22,97.64,63.21,55.96,7.23
100559,2019,0,1,Large,Production,Southern,0,0,0,0,0,0,2.82,1.0,13.47,90.19,66.59,54.92,7.07
100560,2019,0,0,Medium,Business Services,Southern,0,0,0,0,0,0,3.09,0.0,13.95,97.72,63.59,54.4,7.19
100561,2019,0,0,Medium,Construction,Eastern & Midlands,0,0,0,0,0,0,2.81,0.0,11.39,89.63,63.09,61.95,7.36
100562,2019,0,1,Small,Hospitality,Southern,0,0,0,0,0,0,1.86,0.0,13.3,90.32,64.37,57.25,7.11
100563,2019,0,0,Medium,Other Services,Southern,0,0,0,0,0,0,2.93,0.0,15.12,79.6,64.8,55.09,7.22
100564,2019,0,0,Large,Production,Southern,0,0,0,0,0,0,2.63,0.0,12.45,92.47,64.32,59.57,7.27
100565,2019,0,0,Small,Hospitality,Eastern & Midlands,0,0,0,0,0,0,2.61,0.0,15.81,83.92,63.69,61.93,7.34
100566,2019,0,0,Medium,Hospitality,Eastern & Midlands,0,0,0,0,0,0,2.54,0.0,10.03,81.12,63.87,56.43,7.13
100567,2019,0,0,Small,Production,Southern,0,0,0,0,0,0,2.77,0.0,13.95,92.24,63.25,59.89,7.42
100568,2019,0,1,Large,Production,Southern,0,0,0,0,0,0,2.51,0.0,14.71,88.5,65.35,58.05,7.42
100569,2019,0,0,Large,Other Services,Eastern & Midlands,0,0,0,0,0,0,2.29,0.0,14.0,110.86,62.67,56.39,7.13
100570,2019,0,0,Large,Hospitality,Eastern & Midlands,0,0,0,0,0,0,2.48,0.0,13.94,89.72,60.98,60.93,7.14
100571,2019,0,0,Medium,Construction,Southern,0,0,0,0,0,0,2.87,0.0,12.38,81.05,65.99,59.18,7.23
100572,2019,0,0,Medium,Hospitality,Southern,0,0,0,0,0,0,2.34,0.0,13.42,102.93,64.88,56.65,7.0
100573,2019,0,0,Medium,Construction,Southern,0,0,0,0,0,0,2.22,0.0,13.73,103.48,60.43,56.65,7.24
100574,2019,0,0,Medium,Retail,Eastern & Midlands,0,0,0,0,0,0,1.93,1.0,14.96,114.66,60.54,58.28,7.39
100575,2019,0,1,Medium,Construction,Southern,0,0,0,0,0,0,2.08,0.0,13.77,91.13,65.17,56.56,7.07
100576,2019,0,0,Medium,Other Services,Eastern & Midlands,0,0,0,0,0,0,2.49,0.0,13.76,103.74,63.71,57.34,6.93
100577,2019,0,0,Large,Business Services,Northern & Western,0,0,0,0,0,0,2.52,1.0,15.44,87.22,66.54,57.63,7.43
100578,2019,0,0,Large,Production,Southern,0,0,0,0,0,0,2.26,0.0,11.4,93.64,66.91,59.03,7.1
100579,2019,0,0,Medium,Retail,Northern & Western,0,0,0,0,0,0,2.71,0.0,14.24,98.45,62.63,55.04,7.07
100580,2019,0,1,Large,Hospitality,Eastern & Midlands,0,0,0,0,0,0,2.95,0.0,17.73,86.41,63.96,54.58,7.19
100581,2019,0,0,Small,Construction,Northern & Western,0,0,0,0,0,0,2.5,0.0,13.43,88.54,67.07,58.07,6.91
100582,2019,0,0,Medium,Retail,Southern,0,0,0,0,0,0,2.36,0.0,13.34,92.72,63.13,58.4,7.37
100583,2019,0,0,Small,Business Services,Northern & Western,0,0,0,0,0,0,2.88,0.0,11.47,79.5,61.82,58.24,7.24
100584,2019,0,0,Medium,Construction,Northern & Western,0,0,0,0,0,0,2.79,0.0,15.31,97.68,66.6,55.61,7.27
100585,2019,0,1,Medium,Other Services,Northern & Western,0,0,0,0,0,0,2.46,0.0,12.57,100.17,62.66,60.02,7.04
100586,2019,0,0,Large,Hospitality,Eastern & Midlands,0,0,0,0,0,0,2.57,1.0,13.74,75.5,63.07,54.8,7.7
100587,2019,0,0,Small,Hospitality,Southern,0,0,0,0,0,0,2.48,0.0,12.28,76.98,66.57,55.92,7.3
100588,2019,0,0,Large,Construction,Eastern & Midlands,0,0,0,0,0,0,2.16,0.0,13.94,91.56,61.45,60.61,7.0
100589,2019,0,0,Medium,Business Services,Northern & Western,0,0,0,0,0,0,3.12,0.0,11.05,90.52,66.01,58.89,7.24
100590,2019,0,0,Small,Production,Northern & Western,0,0,0,0,0,0,2.8,1.0,10.43,86.28,65.08,56.64,7.53
100591,2019,0,0,Medium,Production,Eastern & Midlands,0,0,0,0,0,0,2.7,0.0,9.27,84.89,68.59,56.42,7.16
100592,2019,0,0,Large,Hospitality,Eastern & Midlands,0,0,0,0,0,0,2.49,0.0,15.51,101.37,64.56,60.15,7.3
100593,2019,0,0,Medium,Business Services,Northern & Western,0,0,0,0,0,0,3.24,1.0,13.72,105.12,64.23,57.07,7.2
100594,2019,0,0,Medium,Hospitality,Southern,0,0,0,0,0,0,2.88,0.0,11.99,97.9,62.11,55.64,7.15
100595,2019,0,1,Large,Production,Eastern & Midlands,0,0,0,0,0,0,2.98,1.0,14.15,77.7,64.35,59.84,7.07
100596,2019,0,0,Medium,Hospitality,Northern & Western,0,0,0,0,0,0,2.56,0.0,13.96,88.3,67.08,55.12,7.28
100597,2019,0,0,Small,Construction,Northern & Western,0,0,0,0,0,0,2.62,0.0,10.39,97.66,63.42,56.09,7.22
100598,2019,0,1,Large,Other Services,Southern,0,0,0,0,0,0,2.99,0.0,8.6,96.66,65.27,57.65,7.31
100599,2019,0,1,Medium,Construction,Northern & Western,0,0,0,0,0,0,2.95,1.0,14.35,73.68,64.14,59.2,7.34
100600,2019,0,0,Large,Other Services,Eastern & Midlands,0,0,0,0,0,0,1.85,0.0,12.07,67.17,64.3,56.9,7.35
