firm_id,year,post,treat,firm_size,main_sector,region,mh_plan,mh_champion,mh_budget,leadership_support,digital_tool,hybrid_policy,well_being_index,engagement_index,life_satisfaction,sick_days,turnover_rate,presenteeism_flag,productivity_per_employee,manager_experience,manager_age,manager_education
100001,2022,1,0,Small,Other Services,Eastern & Midlands,0,0,0,0,0,1,60.15,55.71,7.35,2.72,16.3,0.0,81.9,,,
100002,2022,1,0,Small,Hospitality,Eastern & Midlands,0,0,0,0,0,1,58.47,55.81,7.15,2.82,18.03,1.0,59.86,,,
100003,2022,1,0,Small,Retail,Eastern & Midlands,0,0,0,0,0,0,58.28,51.65,7.15,3.12,19.43,0.0,93.51,,,
100004,2022,1,0,Large,Production,Eastern & Midlands,0,0,0,0,0,1,60.27,54.28,6.71,3.13,13.05,0.0,87.5,,,
100005,2022,1,0,Large,Retail,Eastern & Midlands,0,0,0,0,0,0,59.33,55.84,6.97,3.33,14.88,1.0,84.52,,,
100006,2022,1,0,Large,Business Services,Northern & Western,0,0,0,0,0,0,55.98,54.13,7.08,3.15,14.38,0.0,90.85,,,
100007,2022,1,0,Small,Retail,Northern & Western,0,0,0,0,0,0,61.47,59.48,7.17,3.26,13.72,0.0,92.31,,,
100008,2022,1,0,Small,Retail,Northern & Western,0,0,0,0,0,0,63.14,57.14,7.14,3.17,18.5,0.0,92.1,,,
100009,2022,1,1,Small,Other Services,Southern,1,1,0,1,0,0,62.36,54.93,7.24,2.79,11.52,0.0,70.76,,,
100010,2022,1,0,Medium,Hospitality,Northern & Western,0,0,0,0,0,0,59.31,56.04,7.25,2.42,17.57,0.0,88.8,,,
100011,2022,1,0,Small,Other Services,Southern,0,0,0,0,0,1,59.97,55.19,7.2,2.4,15.06,0.0,96.6,,,
100012,2022,1,0,Large,Hospitality,Northern & Western,0,0,0,0,0,0,61.19,51.2,6.95,2.84,13.96,0.0,76.77,,,
100013,2022,1,0,Large,Other Services,Eastern & Midlands,0,0,0,0,0,0,58.55,58.44,6.86,3.18,17.02,0.0,65.77,,,
100014,2022,1,0,Large,Hospitality,Northern & Western,0,0,0,0,0,0,60.97,54.53,7.19,3.14,15.46,1.0,70.45,,,
100015,2022,1,1,Medium,Hospitality,Eastern & Midlands,0,1,1,1,1,1,64.88,60.23,6.89,2.69,13.36,0.0,92.71,,,
100016,2022,1,0,Large,Hospitality,Eastern & Midlands,0,0,0,0,0,0,56.65,52.6,7.24,3.28,15.78,1.0,64.87,,,
100017,2022,1,0,Medium,Retail,Northern & Western,0,0,0,0,0,1,58.42,57.36,7.27,2.79,15.49,0.0,90.47,,,
100018,2022,1,0,Medium,Business Services,Northern & Western,0,0,0,0,0,0,57.48,54.2,6.9,2.54,12.95,0.0,72.24,,,
100019,2022,1,1,Medium,Hospitality,Eastern & Midlands,1,1,0,1,1,0,64.55,60.16,6.97,2.3,15.01,0.0,92.05,,,
100020,2022,1,0,Small,Business Services,Southern,0,0,0,0,0,1,57.8,54.85,7.39,3.03,16.21,0.0,105.38,,,
100021,2022,1,0,Small,Business Services,Southern,0,0,0,0,0,0,60.75,54.28,7.04,3.2,12.33,1.0,82.78,,,
100022,2022,1,0,Large,Construction,Northern & Western,0,0,0,0,0,0,55.35,54.19,7.26,3.13,18.2,0.0,91.28,,,
100023,2022,1,0,Large,Construction,Eastern & Midlands,0,0,0,0,0,0,62.43,55.04,7.26,2.83,15.41,0.0,92.81,,,
100024,2022,1,0,Medium,Production,Southern,0,0,0,0,0,0,61.89,54.81,7.16,3.03,16.19,0.0,97.18,,,
100025,2022,1,0,Small,Other Services,Northern & Western,0,0,0,0,0,0,61.83,50.0,7.42,3.22,19.94,1.0,87.66,,,
100026,2022,1,1,Large,Construction,Northern & Western,1,1,1,1,1,0,65.65,56.98,7.4,2.35,13.86,0.0,98.45,,,
100027,2022,1,1,Large,Hospitality,Eastern & Midlands,1,1,0,0,1,0,63.66,57.5,7.37,2.54,14.76,0.0,91.02,,,
100028,2022,1,1,Small,Business Services,Southern,1,0,0,0,1,0,65.54,60.42,6.91,1.99,13.08,0.0,75.53,,,
100029,2022,1,0,Medium,Other Services,Northern & Western,0,0,0,0,0,1,58.57,54.22,7.21,3.22,20.12,0.0,85.15,,,
100030,2022,1,0,Large,Production,Southern,0,0,0,0,0,0,58.29,57.18,7.02,3.01,16.28,0.0,78.68,,,
100031,2022,1,0,Large,Construction,Northern & Western,0,0,0,0,0,0,61.27,57.62,6.89,3.39,18.13,1.0,78.27,,,
100032,2022,1,0,Small,Retail,Northern & Western,0,0,0,0,0,0,58.99,55.06,7.0,2.76,20.22,1.0,100.59,,,
100033,2022,1,1,Small,Other Services,Southern,0,0,0,1,0,0,61.92,58.96,7.42,3.04,13.89,0.0,82.67,,,
100034,2022,1,0,Medium,Production,Southern,0,0,0,0,0,0,56.32,56.28,7.1,2.93,15.43,0.0,72.65,,,
100035,2022,1,1,Medium,Hospitality,Eastern & Midlands,1,0,1,0,1,0,61.0,59.52,7.61,2.24,10.94,0.0,86.68,,,
100036,2022,1,0,Large,Other Services,Eastern & Midlands,0,0,0,0,0,0,61.42,55.68,6.85,3.25,15.94,1.0,75.88,,,
100037,2022,1,0,Medium,Business Services,Eastern & Midlands,0,0,0,0,0,0,57.56,54.38,7.34,2.98,17.86,0.0,94.69,,,
100038,2022,1,1,Large,Hospitality,Eastern & Midlands,1,0,1,1,0,0,65.28,58.24,7.19,2.27,12.83,0.0,97.8,,,
100039,2022,1,0,Large,Hospitality,Southern,0,0,0,0,0,1,59.22,54.32,6.86,2.98,14.89,1.0,100.24,,,
100040,2022,1,0,Small,Other Services,Eastern & Midlands,0,0,0,0,0,0,61.35,54.08,7.33,2.99,16.44,1.0,93.82,,,
100041,2022,1,0,Large,Retail,Southern,0,0,0,0,0,1,56.85,52.88,6.78,3.11,16.04,0.0,92.08,,,
100042,2022,1,1,Small,Retail,Northern & Western,1,0,1,1,0,0,61.02,55.38,7.33,2.49,11.38,0.0,88.11,,,
100043,2022,1,0,Large,Other Services,Southern,0,0,0,0,0,0,55.43,56.48,6.91,4.0,14.32,1.0,74.85,,,
100044,2022,1,1,Large,Other Services,Eastern & Midlands,1,0,1,1,1,1,67.02,58.84,7.55,2.23,11.14,0.0,74.68,,,
100045,2022,1,0,Large,Other Services,Southern,0,0,0,0,0,0,58.3,57.34,7.29,3.11,14.91,0.0,92.88,,,
100046,2022,1,1,Medium,Business Services,Southern,1,1,0,1,1,0,60.67,57.86,7.38,2.55,11.22,0.0,92.6,,,
100047,2022,1,1,Medium,Construction,Southern,0,1,0,0,1,0,65.19,53.51,7.19,2.37,15.16,0.0,108.73,,,
100048,2022,1,0,Small,Hospitality,Southern,0,0,0,0,0,0,56.53,57.45,7.1,2.61,19.02,1.0,82.37,,,
100049,2022,1,0,Large,Other Services,Southern,0,0,0,0,0,0,58.4,56.27,7.09,2.47,16.5,0.0,89.96,,,
100050,2022,1,0,Small,Construction,Eastern & Midlands,0,0,0,0,0,0,58.31,55.1,7.24,2.82,17.62,0.0,75.94,,,
100051,2022,1,0,Small,Business Services,Southern,0,0,0,0,0,1,60.26,52.81,7.38,3.07,14.89,1.0,77.49,,,
100052,2022,1,1,Large,Hospitality,Eastern & Midlands,1,1,1,1,0,0,65.47,60.52,7.78,2.63,14.12,0.0,97.12,,,
100053,2022,1,0,Medium,Construction,Northern & Western,0,0,0,0,0,0,60.1,57.17,7.22,2.76,19.09,0.0,103.15,,,
100054,2022,1,1,Medium,Hospitality,Southern,0,1,1,0,0,0,62.2,60.19,7.28,2.27,14.0,1.0,82.71,,,
100055,2022,1,0,Small,Retail,Northern & Western,0,0,0,0,0,1,57.45,54.23,7.0,2.76,15.84,0.0,83.64,,,
100056,2022,1,1,Medium,Other Services,Eastern & Midlands,1,0,0,0,1,1,63.51,56.75,7.4,2.8,9.65,0.0,84.75,,,
100057,2022,1,0,Large,Retail,Southern,0,0,0,0,0,1,58.54,53.21,7.18,3.08,14.06,1.0,80.26,,,
100058,2022,1,1,Large,Production,Northern & Western,1,0,0,0,0,1,62.52,57.9,6.92,2.28,12.74,0.0,92.0,,,
100059,2022,1,0,Medium,Business Services,Eastern & Midlands,0,0,0,0,0,0,59.01,57.56,7.2,3.0,14.8,0.0,72.4,,,
100060,2022,1,1,Medium,Other Services,Northern & Western,1,1,1,1,1,0,63.83,57.81,7.34,2.26,10.74,0.0,112.14,,,
100061,2022,1,0,Small,Construction,Southern,0,0,0,0,0,1,58.24,53.11,7.37,3.16,15.19,0.0,80.79,,,
100062,2022,1,1,Medium,Hospitality,Southern,1,1,1,1,0,1,61.72,58.07,7.07,2.37,12.94,0.0,89.99,,,
100063,2022,1,1,Small,Production,Southern,0,0,0,0,1,0,63.1,65.88,7.05,2.82,10.82,0.0,99.31,,,
100064,2022,1,1,Large,Business Services,Eastern & Midlands,1,1,0,1,0,0,63.94,59.78,7.21,2.73,15.6,0.0,89.44,,,
100065,2022,1,0,Large,Business Services,Northern & Western,0,0,0,0,0,0,61.17,51.07,7.24,3.11,19.32,0.0,95.06,,,
100066,2022,1,0,Large,Business Services,Eastern & Midlands,0,0,0,0,0,0,57.81,52.07,7.14,3.13,18.02,0.0,99.87,,,
100067,2022,1,0,Medium,Construction,Northern & Western,0,0,0,0,0,0,57.13,54.09,7.17,3.04,17.24,1.0,91.97,,,
100068,2022,1,0,Medium,Other Services,Eastern & Midlands,0,0,0,0,0,0,59.51,54.96,7.0,3.0,18.82,0.0,92.83,,,
100069,2022,1,0,Medium,Retail,Southern,0,0,0,0,0,1,59.27,53.64,7.14,2.69,15.63,0.0,80.9,,,
100070,2022,1,1,Small,Production,Northern & Western,1,0,1,1,1,1,66.54,58.77,7.32,2.64,10.64,0.0,93.44,,,
100071,2022,1,0,Small,Construction,Northern & Western,0,0,0,0,0,1,62.33,57.29,7.1,3.47,14.98,0.0,73.16,,,
100072,2022,1,0,Small,Hospitality,Northern & Western,0,0,0,0,0,0,62.39,56.93,6.96,3.16,13.78,0.0,80.07,,,
100073,2022,1,0,Large,Construction,Eastern & Midlands,0,0,0,0,0,0,58.23,56.84,7.06,2.5,17.33,0.0,79.72,,,
100074,2022,1,0,Small,Hospitality,Southern,0,0,0,0,0,0,60.75,51.9,7.21,2.61,12.97,0.0,72.97,,,
100075,2022,1,0,Medium,Hospitality,Northern & Western,0,0,0,0,0,0,57.94,50.1,6.95,3.38,15.75,0.0,95.24,,,
100076,2022,1,0,Medium,Business Services,Eastern & Midlands,0,0,0,0,0,0,56.44,54.9,6.92,3.62,15.36,0.0,73.02,,,
100077,2022,1,0,Large,Construction,Northern & Western,0,0,0,0,0,1,63.26,56.52,7.15,2.54,12.72,0.0,84.64,,,
100078,2022,1,0,Medium,Retail,Southern,0,0,0,0,0,0,61.42,55.19,7.11,2.74,17.34,0.0,103.49,,,
100079,2022,1,0,Medium,Hospitality,Northern & Western,0,0,0,0,0,0,58.26,54.94,7.02,3.03,11.69,0.0,105.04,,,
100080,2022,1,1,Medium,Business Services,Southern,1,0,1,1,1,0,61.5,55.18,7.14,2.67,14.68,0.0,91.64,,,
100081,2022,1,1,Small,Retail,Eastern & Midlands,1,1,0,1,0,1,64.3,57.85,7.11,2.19,13.86,1.0,83.2,,,
100082,2022,1,0,Small,Construction,Eastern & Midlands,0,0,0,0,0,1,57.67,57.02,7.46,2.7,16.95,0.0,89.72,,,
100083,2022,1,0,Medium,Retail,Southern,0,0,0,0,0,0,60.25,52.85,6.94,3.13,20.66,1.0,92.01,,,
100084,2022,1,1,Medium,Construction,Southern,1,0,0,1,0,0,63.29,59.89,7.46,2.82,16.36,0.0,92.4,,,
100085,2022,1,0,Medium,Hospitality,Eastern & Midlands,0,0,0,0,0,0,58.47,54.99,7.05,2.85,17.9,1.0,98.51,,,
100086,2022,1,0,Medium,Production,Southern,0,0,0,0,0,1,56.43,53.76,7.33,2.53,18.79,1.0,82.0,,,
100087,2022,1,0,Small,Production,Southern,0,0,0,0,0,1,60.7,56.01,6.7,2.95,15.82,1.0,105.39,,,
100088,2022,1,0,Large,Other Services,Northern & Western,0,0,0,0,0,0,60.58,54.97,7.26,3.28,18.39,0.0,78.9,,,
100089,2022,1,0,Medium,Other Services,Eastern & Midlands,0,0,0,0,0,0,60.08,55.18,6.99,2.95,17.42,0.0,94.72,,,
100090,2022,1,0,Small,Hospitality,Eastern & Midlands,0,0,0,0,0,0,61.16,56.8,6.92,3.72,17.05,0.0,84.58,,,
100091,2022,1,1,Medium,Retail,Southern,0,0,0,1,1,0,64.36,58.92,7.12,2.2,10.3,0.0,80.9,,,
100092,2022,1,1,Large,Construction,Southern,0,0,0,1,0,0,62.95,53.52,7.13,2.59,13.74,0.0,88.42,,,
100093,2022,1,0,Small,Production,Southern,0,0,0,0,0,1,64.81,53.13,7.28,3.19,19.56,0.0,94.14,,,
100094,2022,1,0,Small,Construction,Eastern & Midlands,0,0,0,0,0,1,57.93,54.92,7.01,3.05,13.23,0.0,82.36,,,
100095,2022,1,0,Large,Hospitality,Northern & Western,0,0,0,0,0,1,58.84,56.76,6.98,2.65,18.68,0.0,77.7,,,
100096,2022,1,1,Large,Retail,Eastern & Midlands,0,1,0,1,0,0,63.52,58.05,7.53,2.5,13.81,0.0,78.81,,,
100097,2022,1,1,Small,Construction,Northern & Western,1,1,1,0,0,0,63.06,61.15,7.06,2.45,13.3,0.0,73.61,,,
100098,2022,1,0,Large,Retail,Southern,0,0,0,0,0,0,60.3,56.87,7.18,3.02,13.89,0.0,75.14,,,
100099,2022,1,0,Medium,Production,Eastern & Midlands,0,0,0,0,0,0,57.38,54.57,6.7,3.28,16.84,0.0,71.93,,,
100100,2022,1,0,Large,Construction,Northern & Western,0,0,0,0,0,0,58.48,51.73,7.04,2.66,13.66,0.0,97.33,,,
100101,2022,1,0,Large,Business Services,Eastern & Midlands,0,0,0,0,0,1,59.9,53.35,7.47,3.0,17.4,1.0,91.11,,,
100102,2022,1,1,Small,Production,Northern & Western,1,0,1,0,1,1,65.27,58.26,7.2,2.6,12.79,0.0,106.5,,,
100103,2022,1,1,Large,Retail,Northern & Western,0,0,1,0,1,0,68.17,59.66,7.11,2.65,14.59,0.0,82.99,,,
100104,2022,1,0,Small,Hospitality,Eastern & Midlands,0,0,0,0,0,0,59.66,54.32,7.18,2.45,14.44,0.0,92.9,,,
100105,2022,1,1,Medium,Business Services,Southern,0,1,0,0,1,0,61.09,54.71,7.42,2.56,14.27,0.0,80.93,,,
100106,2022,1,0,Large,Other Services,Eastern & Midlands,0,0,0,0,0,0,57.94,57.04,7.37,3.31,18.87,1.0,77.7,,,
100107,2022,1,0,Large,Construction,Southern,0,0,0,0,0,0,58.84,56.23,7.1,2.63,12.78,0.0,71.53,,,
100108,2022,1,1,Small,Other Services,Northern & Western,1,1,1,1,0,0,62.35,57.3,7.4,2.09,14.09,0.0,85.59,,,
100109,2022,1,1,Small,Production,Northern & Western,0,0,1,0,0,0,60.79,57.91,7.17,2.97,13.85,0.0,84.71,,,
100110,2022,1,0,Large,Construction,Eastern & Midlands,0,0,0,0,0,1,57.84,54.89,6.94,2.62,14.69,0.0,82.73,,,
100111,2022,1,0,Small,Construction,Eastern & Midlands,0,0,0,0,0,0,57.25,53.58,6.91,2.88,13.12,0.0,90.22,,,
100112,2022,1,0,Large,Business Services,Southern,0,0,0,0,0,1,57.65,58.2,7.12,3.36,15.85,0.0,83.62,,,
100113,2022,1,0,Medium,Business Services,Southern,0,0,0,0,0,0,58.31,52.51,6.67,3.16,17.11,0.0,77.4,,,
100114,2022,1,1,Large,Business Services,Eastern & Midlands,0,1,1,1,1,0,59.94,60.75,7.91,2.43,12.36,0.0,92.27,,,
100115,2022,1,0,Medium,Business Services,Southern,0,0,0,0,0,0,59.36,56.23,7.46,3.29,16.44,0.0,86.57,,,
100116,2022,1,1,Medium,Hospitality,Southern,0,0,0,1,1,0,62.61,58.25,7.16,2.9,11.69,0.0,112.26,,,
100117,2022,1,0,Small,Retail,Eastern & Midlands,0,0,0,0,0,1,58.0,53.66,6.92,3.08,14.67,1.0,98.45,,,
100118,2022,1,0,Small,Business Services,Eastern & Midlands,0,0,0,0,0,0,57.95,55.01,7.34,3.49,14.35,0.0,79.32,,,
100119,2022,1,1,Small,Production,Northern & Western,0,0,0,1,1,1,64.11,54.73,7.53,2.08,11.3,0.0,94.09,,,
100120,2022,1,1,Small,Construction,Northern & Western,0,1,1,1,0,0,62.51,59.47,7.47,2.27,13.24,0.0,75.42,,,
100121,2022,1,1,Large,Other Services,Eastern & Midlands,1,1,0,1,1,1,63.87,56.81,7.11,2.69,10.67,0.0,107.32,,,
100122,2022,1,0,Medium,Business Services,Northern & Western,0,0,0,0,0,0,55.62,57.31,7.21,2.85,16.53,0.0,85.33,,,
100123,2022,1,0,Large,Production,Southern,0,0,0,0,0,0,60.61,49.55,6.87,2.7,15.62,0.0,86.03,,,
100124,2022,1,0,Medium,Hospitality,Eastern & Midlands,0,0,0,0,0,1,59.63,54.23,7.32,3.22,18.29,0.0,81.55,,,
100125,2022,1,0,Medium,Production,Northern & Western,0,0,0,0,0,0,60.07,57.13,7.32,2.95,16.07,1.0,84.66,,,
100126,2022,1,1,Medium,Other Services,Eastern & Midlands,0,0,0,1,1,0,62.95,61.1,7.55,2.54,12.35,1.0,94.18,,,
100127,2022,1,0,Large,Other Services,Northern & Western,0,0,0,0,0,1,58.86,56.27,7.16,3.36,15.4,0.0,78.21,,,
100128,2022,1,0,Small,Production,Eastern & Midlands,0,0,0,0,0,1,55.55,57.29,7.03,3.16,12.04,1.0,78.17,,,
100129,2022,1,0,Large,Hospitality,Southern,0,0,0,0,0,0,58.7,58.43,7.14,2.76,17.0,0.0,83.58,,,
100130,2022,1,0,Medium,Other Services,Northern & Western,0,0,0,0,0,1,61.04,50.71,7.24,3.38,13.67,0.0,71.86,,,
100131,2022,1,0,Large,Hospitality,Eastern & Midlands,0,0,0,0,0,0,61.61,55.31,6.97,3.12,15.73,1.0,98.24,,,
100132,2022,1,0,Medium,Construction,Southern,0,0,0,0,0,0,60.79,56.78,6.92,2.8,13.43,0.0,90.1,,,
100133,2022,1,0,Small,Business Services,Northern & Western,0,0,0,0,0,0,61.95,57.12,7.19,3.11,15.79,1.0,84.0,,,
100134,2022,1,1,Small,Other Services,Northern & Western,1,0,0,1,1,0,62.35,57.85,7.44,3.16,14.5,0.0,94.04,,,
100135,2022,1,1,Large,Production,Eastern & Midlands,0,1,1,1,0,1,61.38,58.69,7.14,2.69,12.21,0.0,101.5,,,
100136,2022,1,1,Small,Retail,Southern,0,1,1,1,0,1,64.26,57.97,7.13,2.23,14.3,0.0,92.98,,,
100137,2022,1,1,Medium,Retail,Eastern & Midlands,1,1,1,1,0,1,63.0,56.25,7.14,2.11,12.28,0.0,80.71,,,
100138,2022,1,0,Medium,Construction,Northern & Western,0,0,0,0,0,0,60.26,54.39,7.27,3.05,16.63,1.0,84.41,,,
100139,2022,1,1,Small,Retail,Eastern & Midlands,1,1,1,1,1,1,63.14,60.22,7.29,2.54,13.24,0.0,95.73,,,
100140,2022,1,0,Small,Construction,Eastern & Midlands,0,0,0,0,0,0,61.11,55.27,6.98,2.94,16.51,0.0,98.88,,,
100141,2022,1,0,Small,Business Services,Southern,0,0,0,0,0,1,56.98,52.17,6.71,2.9,16.38,0.0,86.61,,,
100142,2022,1,0,Large,Construction,Southern,0,0,0,0,0,0,59.05,55.08,7.05,3.19,15.81,0.0,79.87,,,
100143,2022,1,0,Large,Hospitality,Northern & Western,0,0,0,0,0,0,62.75,56.94,6.91,2.78,18.0,0.0,97.13,,,
100144,2022,1,0,Medium,Hospitality,Southern,0,0,0,0,0,0,56.77,52.02,7.08,2.98,17.03,0.0,97.63,,,
100145,2022,1,1,Large,Hospitality,Eastern & Midlands,1,0,1,0,0,0,60.56,54.3,7.32,2.32,8.36,0.0,94.76,,,
100146,2022,1,1,Large,Other Services,Northern & Western,1,0,0,1,0,0,65.57,59.33,7.02,2.38,14.58,0.0,74.01,,,
100147,2022,1,1,Medium,Hospitality,Southern,1,1,0,1,1,0,63.08,58.96,7.03,2.83,16.04,1.0,99.06,,,
100148,2022,1,0,Medium,Hospitality,Eastern & Midlands,0,0,0,0,0,0,58.65,54.46,7.49,3.07,17.35,0.0,94.96,,,
100149,2022,1,0,Small,Hospitality,Eastern & Midlands,0,0,0,0,0,1,59.01,56.99,6.98,3.17,20.21,0.0,92.36,,,
100150,2022,1,1,Small,Hospitality,Northern & Western,0,1,1,0,0,1,64.0,59.66,7.49,2.55,13.66,0.0,85.02,,,
100151,2022,1,0,Large,Other Services,Northern & Western,0,0,0,0,0,1,57.41,55.36,7.2,2.6,16.82,1.0,64.35,,,
100152,2022,1,1,Medium,Hospitality,Southern,0,1,1,1,1,0,61.75,60.93,7.38,2.26,10.53,0.0,116.23,,,
100153,2022,1,0,Large,Hospitality,Southern,0,0,0,0,0,0,60.04,56.39,6.9,3.15,16.46,0.0,81.56,,,
100154,2022,1,0,Large,Business Services,Southern,0,0,0,0,0,0,54.3,55.57,7.12,3.22,14.13,0.0,89.99,,,
100155,2022,1,1,Medium,Other Services,Southern,0,1,0,1,1,1,66.54,56.28,7.53,1.83,9.89,1.0,97.01,,,
100156,2022,1,0,Medium,Hospitality,Northern & Western,0,0,0,0,0,0,59.59,55.39,7.44,3.42,17.89,1.0,96.56,,,
100157,2022,1,0,Medium,Construction,Eastern & Midlands,0,0,0,0,0,0,56.9,58.12,7.09,2.7,16.0,1.0,75.26,,,
100158,2022,1,0,Medium,Business Services,Eastern & Midlands,0,0,0,0,0,0,56.89,53.63,7.02,3.53,18.72,0.0,86.0,,,
100159,2022,1,0,Large,Other Services,Southern,0,0,0,0,0,0,57.8,52.46,7.2,2.71,19.1,0.0,98.41,,,
100160,2022,1,0,Large,Retail,Northern & Western,0,0,0,0,0,1,59.58,56.63,7.31,3.24,13.59,1.0,99.27,,,
100161,2022,1,0,Large,Production,Southern,0,0,0,0,0,1,55.81,53.81,6.72,3.08,16.43,0.0,91.96,,,
100162,2022,1,0,Medium,Other Services,Southern,0,0,0,0,0,1,59.65,56.14,6.99,2.78,13.89,1.0,86.2,,,
100163,2022,1,0,Small,Business Services,Northern & Western,0,0,0,0,0,0,59.09,53.12,6.88,3.0,16.55,0.0,83.26,,,
100164,2022,1,0,Large,Hospitality,Eastern & Midlands,0,0,0,0,0,0,58.0,54.26,7.05,3.26,18.11,0.0,77.57,,,
100165,2022,1,0,Small,Business Services,Eastern & Midlands,0,0,0,0,0,1,58.84,53.42,6.71,2.87,14.18,0.0,77.63,,,
100166,2022,1,0,Small,Production,Southern,0,0,0,0,0,0,57.74,55.76,7.35,3.32,14.43,0.0,93.73,,,
100167,2022,1,0,Small,Production,Northern & Western,0,0,0,0,0,1,58.43,55.74,7.13,2.79,10.69,1.0,77.64,,,
100168,2022,1,1,Medium,Other Services,Eastern & Midlands,0,1,1,0,1,1,66.93,56.74,7.51,2.51,15.5,1.0,77.99,,,
100169,2022,1,0,Medium,Hospitality,Eastern & Midlands,0,0,0,0,0,1,61.9,55.13,7.07,2.61,18.1,0.0,83.39,,,
100170,2022,1,0,Large,Hospitality,Northern & Western,0,0,0,0,0,1,57.2,56.65,7.13,3.09,15.61,0.0,97.09,,,
100171,2022,1,0,Large,Construction,Northern & Western,0,0,0,0,0,0,57.03,53.8,7.23,2.98,12.4,0.0,88.2,,,
100172,2022,1,0,Medium,Production,Eastern & Midlands,0,0,0,0,0,0,59.48,54.0,7.04,3.03,15.19,0.0,81.3,,,
100173,2022,1,1,Medium,Hospitality,Southern,0,1,0,0,0,1,63.03,60.7,7.09,2.09,13.47,0.0,90.63,,,
100174,2022,1,0,Small,Production,Southern,0,0,0,0,0,0,60.17,55.88,7.22,2.73,17.28,0.0,90.62,,,
100175,2022,1,1,Medium,Construction,Eastern & Midlands,1,0,1,1,0,1,65.55,61.74,7.53,2.48,8.62,0.0,98.84,,,
100176,2022,1,0,Medium,Retail,Southern,0,0,0,0,0,1,61.41,55.08,7.3,3.63,17.97,1.0,90.77,,,
100177,2022,1,0,Medium,Production,Southern,0,0,0,0,0,0,60.52,51.71,6.73,2.92,15.46,1.0,95.43,,,
100178,2022,1,1,Medium,Construction,Northern & Western,0,1,1,0,1,0,62.9,55.13,7.39,2.73,13.99,0.0,101.94,,,
100179,2022,1,0,Small,Construction,Northern & Western,0,0,0,0,0,0,59.71,53.34,7.23,3.7,17.05,0.0,83.87,,,
100180,2022,1,0,Large,Construction,Northern & Western,0,0,0,0,0,0,60.87,54.79,6.5,2.82,14.62,0.0,93.55,,,
100181,2022,1,0,Small,Business Services,Southern,0,0,0,0,0,0,62.1,55.32,7.52,3.39,14.37,0.0,81.36,,,
100182,2022,1,0,Medium,Other Services,Northern & Western,0,0,0,0,0,0,61.79,54.59,7.31,2.94,14.79,1.0,71.59,,,
100183,2022,1,0,Medium,Hospitality,Northern & Western,0,0,0,0,0,0,57.95,55.51,7.12,3.03,11.89,0.0,86.97,,,
100184,2022,1,1,Large,Production,Eastern & Midlands,1,0,1,1,1,1,59.41,54.98,7.27,2.73,9.79,0.0,87.3,,,
100185,2022,1,0,Large,Other Services,Northern & Western,0,0,0,0,0,1,60.08,53.2,7.12,3.09,18.57,0.0,70.92,,,
100186,2022,1,0,Large,Business Services,Eastern & Midlands,0,0,0,0,0,1,58.8,58.49,6.73,2.71,15.89,0.0,107.61,,,
100187,2022,1,1,Small,Production,Southern,1,1,0,1,1,1,64.93,56.36,7.42,2.59,10.09,0.0,106.44,,,
100188,2022,1,0,Large,Other Services,Northern & Western,0,0,0,0,0,1,59.58,53.22,7.2,2.7,13.45,0.0,79.6,,,
100189,2022,1,0,Medium,Business Services,Eastern & Midlands,0,0,0,0,0,0,55.38,56.15,7.26,3.28,15.38,0.0,77.82,,,
100190,2022,1,0,Medium,Hospitality,Eastern & Midlands,0,0,0,0,0,0,53.28,56.89,7.14,3.16,18.64,0.0,75.6,,,
100191,2022,1,1,Medium,Construction,Eastern & Midlands,1,1,1,1,1,0,63.65,58.11,7.24,2.46,7.66,0.0,96.63,,,
100192,2022,1,0,Small,Other Services,Southern,0,0,0,0,0,0,57.35,56.28,7.13,3.12,16.75,1.0,93.3,,,
100193,2022,1,0,Large,Other Services,Northern & Western,0,0,0,0,0,1,57.56,57.28,7.34,2.67,16.73,1.0,82.8,,,
100194,2022,1,1,Large,Production,Southern,1,0,1,1,1,1,63.64,56.99,7.15,2.62,14.33,0.0,108.91,,,
100195,2022,1,0,Large,Construction,Eastern & Midlands,0,0,0,0,0,0,57.84,55.46,7.24,3.07,14.56,1.0,71.92,,,
100196,2022,1,0,Large,Hospitality,Southern,0,0,0,0,0,0,58.18,56.44,7.11,2.87,18.44,0.0,79.7,,,
100197,2022,1,0,Medium,Production,Southern,0,0,0,0,0,0,57.02,54.07,7.11,3.12,19.38,0.0,83.36,,,
100198,2022,1,0,Small,Retail,Eastern & Midlands,0,0,0,0,0,0,59.75,54.37,7.35,2.95,14.76,0.0,81.01,,,
100199,2022,1,0,Large,Retail,Northern & Western,0,0,0,0,0,1,62.14,54.52,6.7,2.98,14.57,0.0,75.53,,,
100200,2022,1,0,Medium,Retail,Northern & Western,0,0,0,0,0,1,58.67,54.25,7.16,3.06,17.51,0.0,93.36,,,
100201,2022,1,0,Medium,Hospitality,Southern,0,0,0,0,0,0,60.53,55.47,6.65,2.78,13.95,1.0,96.63,,,
100202,2022,1,0,Small,Retail,Northern & Western,0,0,0,0,0,0,59.07,52.67,7.57,2.24,15.87,1.0,98.14,,,
100203,2022,1,1,Large,Other Services,Eastern & Midlands,1,0,1,1,1,0,65.22,57.88,7.86,2.22,14.11,1.0,99.95,,,
100204,2022,1,1,Small,Production,Northern & Western,1,0,1,1,0,1,68.18,61.47,7.18,2.78,12.27,0.0,82.3,,,
100205,2022,1,0,Large,Other Services,Southern,0,0,0,0,0,0,61.73,50.02,7.39,3.35,15.3,0.0,89.55,,,
100206,2022,1,0,Small,Retail,Eastern & Midlands,0,0,0,0,0,1,57.71,52.48,7.09,3.26,17.32,0.0,86.43,,,
100207,2022,1,1,Large,Production,Eastern & Midlands,1,1,0,1,0,0,61.45,55.08,7.49,2.36,15.67,0.0,104.12,,,
100208,2022,1,0,Large,Other Services,Eastern & Midlands,0,0,0,0,0,1,57.39,50.71,7.11,3.17,15.63,0.0,73.44,,,
100209,2022,1,1,Small,Hospitality,Southern,0,1,0,1,0,1,63.91,59.08,7.31,2.54,9.41,0.0,95.73,,,
100210,2022,1,0,Large,Construction,Southern,0,0,0,0,0,1,58.08,55.41,7.19,2.76,14.13,1.0,78.2,,,
100211,2022,1,0,Small,Other Services,Northern & Western,0,0,0,0,0,0,56.48,55.05,7.17,3.18,16.0,0.0,89.31,,,
100212,2022,1,0,Small,Business Services,Southern,0,0,0,0,0,1,58.03,51.31,7.35,2.97,14.48,1.0,103.81,,,
100213,2022,1,0,Large,Retail,Eastern & Midlands,0,0,0,0,0,1,58.02,54.33,7.11,2.65,18.83,0.0,78.93,,,
100214,2022,1,0,Large,Business Services,Southern,0,0,0,0,0,1,57.69,53.58,6.83,2.5,14.67,0.0,58.94,,,
100215,2022,1,0,Small,Construction,Southern,0,0,0,0,0,0,62.75,51.79,6.8,2.37,14.12,0.0,74.94,,,
100216,2022,1,0,Medium,Hospitality,Northern & Western,0,0,0,0,0,0,59.75,56.08,7.26,2.81,16.74,1.0,92.08,,,
100217,2022,1,1,Small,Other Services,Eastern & Midlands,1,1,0,1,1,0,60.16,56.51,7.55,2.48,11.36,0.0,103.54,,,
100218,2022,1,0,Medium,Hospitality,Northern & Western,0,0,0,0,0,0,58.41,54.44,7.19,2.71,16.54,0.0,86.59,,,
100219,2022,1,0,Medium,Construction,Northern & Western,0,0,0,0,0,0,60.46,51.12,7.21,3.3,18.14,0.0,82.35,,,
100220,2022,1,0,Small,Business Services,Northern & Western,0,0,0,0,0,0,59.43,56.76,6.86,2.94,15.45,0.0,86.59,,,
100221,2022,1,0,Small,Other Services,Eastern & Midlands,0,0,0,0,0,0,56.38,57.32,7.14,2.74,13.47,0.0,77.17,,,
100222,2022,1,0,Small,Retail,Northern & Western,0,0,0,0,0,0,58.73,57.35,7.33,2.69,12.11,1.0,84.93,,,
100223,2022,1,1,Medium,Production,Eastern & Midlands,1,0,1,0,1,1,64.01,59.11,7.29,2.61,14.31,0.0,95.36,,,
100224,2022,1,1,Small,Hospitality,Northern & Western,0,1,1,0,0,0,61.07,55.49,7.39,3.03,11.32,0.0,105.34,,,
100225,2022,1,0,Small,Construction,Northern & Western,0,0,0,0,0,1,59.14,57.0,7.08,2.92,17.38,0.0,72.0,,,
100226,2022,1,0,Large,Other Services,Eastern & Midlands,0,0,0,0,0,1,60.54,53.61,6.68,2.6,16.51,1.0,93.96,,,
100227,2022,1,0,Large,Business Services,Southern,0,0,0,0,0,1,58.42,52.31,7.23,1.92,16.58,0.0,61.31,,,
100228,2022,1,1,Large,Retail,Northern & Western,1,0,0,1,1,0,65.85,54.88,7.25,2.41,11.31,0.0,96.28,,,
100229,2022,1,0,Small,Business Services,Southern,0,0,0,0,0,0,63.16,54.9,7.1,2.64,17.68,0.0,84.14,,,
100230,2022,1,0,Small,Retail,Northern & Western,0,0,0,0,0,1,59.23,56.45,7.02,3.35,17.21,0.0,70.08,,,
100231,2022,1,0,Small,Other Services,Southern,0,0,0,0,0,0,59.39,54.88,7.09,3.3,15.78,0.0,85.7,,,
100232,2022,1,0,Medium,Production,Southern,0,0,0,0,0,0,58.45,56.91,7.15,2.95,15.32,1.0,76.57,,,
100233,2022,1,0,Medium,Production,Southern,0,0,0,0,0,0,56.04,55.04,7.21,3.19,19.38,0.0,108.78,,,
100234,2022,1,1,Large,Construction,Southern,0,1,1,0,0,1,62.14,59.08,7.41,2.91,13.49,0.0,100.85,,,
100235,2022,1,1,Medium,Construction,Southern,1,0,1,1,0,0,64.81,55.05,7.01,2.54,11.05,0.0,90.04,,,
100236,2022,1,0,Medium,Retail,Eastern & Midlands,0,0,0,0,0,0,60.82,56.52,7.4,3.29,12.94,0.0,94.53,,,
100237,2022,1,0,Medium,Retail,Southern,0,0,0,0,0,0,57.59,54.43,7.01,2.67,14.77,0.0,86.91,,,
100238,2022,1,0,Large,Retail,Eastern & Midlands,0,0,0,0,0,1,55.29,53.99,7.75,3.06,16.82,0.0,65.82,,,
100239,2022,1,1,Large,Retail,Northern & Western,1,0,0,0,0,0,62.64,57.62,7.19,2.07,15.21,0.0,84.77,,,
100240,2022,1,0,Medium,Other Services,Eastern & Midlands,0,0,0,0,0,0,60.05,55.36,6.94,3.28,14.03,0.0,95.43,,,
100241,2022,1,0,Small,Other Services,Southern,0,0,0,0,0,0,61.66,56.26,7.02,3.03,15.29,0.0,75.1,,,
100242,2022,1,0,Large,Production,Eastern & Midlands,0,0,0,0,0,1,57.08,57.05,6.82,3.36,15.59,1.0,80.49,,,
100243,2022,1,0,Medium,Construction,Southern,0,0,0,0,0,1,59.81,54.64,6.84,2.84,16.74,0.0,75.07,,,
100244,2022,1,0,Small,Construction,Eastern & Midlands,0,0,0,0,0,1,60.16,59.1,6.85,3.35,15.91,0.0,90.35,,,
100245,2022,1,1,Small,Hospitality,Northern & Western,0,1,0,1,1,0,63.5,59.93,7.32,2.86,17.73,0.0,105.44,,,
100246,2022,1,0,Large,Construction,Southern,0,0,0,0,0,0,58.21,57.28,6.93,2.42,13.02,1.0,78.91,,,
100247,2022,1,1,Small,Construction,Southern,0,1,1,0,1,1,63.33,59.15,7.58,3.22,15.09,0.0,86.25,,,
100248,2022,1,1,Large,Business Services,Eastern & Midlands,0,1,1,0,1,0,63.57,58.83,7.23,2.58,15.28,0.0,99.32,,,
100249,2022,1,1,Medium,Business Services,Eastern & Midlands,1,1,0,1,0,0,61.83,57.84,7.16,2.57,13.08,0.0,79.47,,,
100250,2022,1,0,Large,Hospitality,Eastern & Midlands,0,0,0,0,0,0,58.23,55.1,6.94,3.08,14.55,0.0,80.69,,,
100251,2022,1,0,Small,Retail,Eastern & Midlands,0,0,0,0,0,0,59.88,54.7,7.14,2.87,15.81,0.0,81.85,,,
100252,2022,1,0,Large,Hospitality,Eastern & Midlands,0,0,0,0,0,0,62.37,55.59,7.16,3.54,17.0,0.0,84.92,,,
100253,2022,1,0,Large,Hospitality,Southern,0,0,0,0,0,1,59.08,55.85,6.76,3.04,16.8,1.0,77.91,,,
100254,2022,1,0,Medium,Production,Northern & Western,0,0,0,0,0,0,59.95,55.78,7.26,3.4,12.56,0.0,87.04,,,
100255,2022,1,0,Small,Other Services,Eastern & Midlands,0,0,0,0,0,1,58.25,52.81,7.28,2.9,18.25,0.0,87.05,,,
100256,2022,1,0,Large,Construction,Southern,0,0,0,0,0,0,57.96,55.66,7.04,3.12,13.4,0.0,74.28,,,
100257,2022,1,1,Medium,Production,Northern & Western,1,1,1,0,1,0,62.08,58.21,7.25,2.16,12.4,0.0,95.78,,,
100258,2022,1,0,Medium,Other Services,Northern & Western,0,0,0,0,0,0,60.97,53.46,7.29,2.93,18.76,0.0,116.83,,,
100259,2022,1,1,Medium,Construction,Eastern & Midlands,1,0,0,0,0,0,61.21,55.07,7.61,1.89,14.38,0.0,101.89,,,
100260,2022,1,1,Medium,Hospitality,Southern,1,0,1,1,0,0,64.22,59.97,7.15,2.36,15.62,0.0,97.66,,,
100261,2022,1,0,Medium,Construction,Southern,0,0,0,0,0,1,60.2,52.85,7.02,3.26,15.79,0.0,74.76,,,
100262,2022,1,0,Large,Retail,Southern,0,0,0,0,0,0,63.5,56.57,7.15,3.0,17.33,0.0,92.58,,,
100263,2022,1,0,Large,Retail,Southern,0,0,0,0,0,0,61.09,52.18,6.73,2.94,17.5,0.0,91.34,,,
100264,2022,1,1,Small,Hospitality,Southern,1,1,0,1,1,0,64.09,55.7,7.62,2.04,8.86,1.0,108.43,,,
100265,2022,1,1,Large,Business Services,Northern & Western,1,1,1,0,0,1,60.68,56.47,7.38,2.11,16.47,0.0,91.69,,,
100266,2022,1,1,Small,Retail,Northern & Western,1,1,0,1,0,1,61.54,57.15,7.22,2.26,11.24,1.0,91.29,,,
100267,2022,1,1,Small,Hospitality,Northern & Western,1,1,1,0,1,0,63.03,57.58,7.7,3.06,13.78,0.0,93.06,,,
100268,2022,1,1,Small,Production,Southern,0,1,1,1,1,0,64.38,56.69,7.24,2.31,16.98,0.0,106.58,,,
100269,2022,1,0,Large,Business Services,Northern & Western,0,0,0,0,0,1,58.56,53.01,6.88,3.01,13.08,0.0,85.17,,,
100270,2022,1,0,Medium,Retail,Northern & Western,0,0,0,0,0,0,61.58,57.84,6.56,2.64,14.75,0.0,99.06,,,
100271,2022,1,0,Small,Hospitality,Eastern & Midlands,0,0,0,0,0,0,56.82,52.55,7.16,2.82,19.18,0.0,101.85,,,
100272,2022,1,0,Medium,Hospitality,Northern & Western,0,0,0,0,0,0,57.7,57.05,6.75,3.18,16.3,0.0,87.83,,,
100273,2022,1,0,Small,Production,Eastern & Midlands,0,0,0,0,0,0,59.41,55.44,7.27,3.09,13.74,1.0,68.41,,,
100274,2022,1,1,Large,Production,Southern,1,1,0,0,0,1,59.95,56.08,7.32,2.66,16.17,0.0,78.95,,,
100275,2022,1,0,Small,Business Services,Southern,0,0,0,0,0,0,60.06,51.74,7.51,3.49,14.51,1.0,100.31,,,
100276,2022,1,0,Large,Other Services,Southern,0,0,0,0,0,1,57.74,55.51,7.01,2.87,14.76,0.0,92.59,,,
100277,2022,1,0,Medium,Retail,Southern,0,0,0,0,0,0,56.97,55.11,7.02,2.61,13.36,1.0,86.83,,,
100278,2022,1,0,Large,Hospitality,Northern & Western,0,0,0,0,0,1,58.34,54.32,6.93,3.05,17.45,0.0,76.05,,,
100279,2022,1,0,Medium,Business Services,Eastern & Midlands,0,0,0,0,0,1,58.12,53.51,6.95,3.1,14.03,0.0,87.38,,,
100280,2022,1,0,Large,Business Services,Southern,0,0,0,0,0,0,57.03,52.53,6.67,3.27,16.92,0.0,82.67,,,
100281,2022,1,0,Small,Production,Southern,0,0,0,0,0,1,56.93,56.11,7.25,3.19,13.9,1.0,81.17,,,
100282,2022,1,1,Small,Hospitality,Eastern & Midlands,0,1,1,1,1,0,61.92,60.45,7.38,2.56,14.41,1.0,93.01,,,
100283,2022,1,1,Large,Construction,Eastern & Midlands,1,0,0,0,1,0,65.12,58.25,7.14,3.04,15.52,0.0,98.55,,,
100284,2022,1,0,Medium,Other Services,Eastern & Midlands,0,0,0,0,0,1,56.94,56.93,6.81,2.99,16.15,0.0,97.19,,,
100285,2022,1,0,Medium,Other Services,Eastern & Midlands,0,0,0,0,0,0,59.19,50.65,7.19,2.75,14.53,1.0,77.98,,,
100286,2022,1,1,Medium,Production,Eastern & Midlands,1,1,1,0,1,0,62.39,61.17,6.9,2.72,14.57,0.0,83.28,,,
100287,2022,1,1,Large,Hospitality,Northern & Western,1,0,0,0,1,0,60.92,58.68,7.26,2.43,12.88,0.0,91.32,,,
100288,2022,1,0,Large,Business Services,Eastern & Midlands,0,0,0,0,0,0,57.7,55.38,7.22,2.79,18.24,1.0,73.15,,,
100289,2022,1,0,Large,Other Services,Northern & Western,0,0,0,0,0,1,59.01,58.9,7.15,2.94,15.57,1.0,78.03,,,
100290,2022,1,0,Large,Business Services,Eastern & Midlands,0,0,0,0,0,0,56.76,52.19,7.37,3.12,14.6,0.0,78.58,,,
100291,2022,1,1,Medium,Retail,Eastern & Midlands,1,0,1,1,1,0,62.96,55.69,7.0,2.48,10.25,1.0,103.06,,,
100292,2022,1,0,Medium,Construction,Southern,0,0,0,0,0,1,57.88,56.38,7.0,3.31,15.82,0.0,72.54,,,
100293,2022,1,1,Large,Production,Southern,1,0,1,1,1,0,62.24,58.77,7.44,2.78,11.3,0.0,110.25,,,
100294,2022,1,1,Large,Other Services,Southern,1,1,1,1,0,1,64.9,55.92,7.36,3.18,12.53,0.0,91.5,,,
100295,2022,1,0,Medium,Retail,Southern,0,0,0,0,0,1,56.67,54.72,7.6,3.19,16.61,0.0,73.17,,,
100296,2022,1,0,Medium,Retail,Southern,0,0,0,0,0,0,60.4,55.58,7.53,3.5,13.63,1.0,103.25,,,
100297,2022,1,0,Small,Construction,Southern,0,0,0,0,0,0,58.01,55.37,7.25,3.07,14.08,0.0,83.9,,,
100298,2022,1,0,Large,Production,Eastern & Midlands,0,0,0,0,0,0,59.27,55.84,7.13,2.24,13.29,0.0,67.27,,,
100299,2022,1,0,Small,Production,Eastern & Midlands,0,0,0,0,0,0,60.99,57.78,6.84,2.55,16.96,0.0,92.76,,,
100300,2022,1,1,Medium,Business Services,Southern,0,0,0,1,0,0,62.93,61.66,7.54,2.86,14.47,0.0,98.54,,,
100301,2022,1,1,Medium,Production,Southern,0,1,0,0,1,0,62.79,54.96,7.2,2.35,12.77,1.0,92.22,,,
100302,2022,1,0,Large,Retail,Southern,0,0,0,0,0,0,58.39,55.68,6.94,2.83,14.07,0.0,86.59,,,
100303,2022,1,1,Small,Business Services,Eastern & Midlands,0,0,1,1,1,0,68.71,57.32,7.45,2.37,14.51,0.0,104.02,,,
100304,2022,1,0,Medium,Production,Southern,0,0,0,0,0,0,62.74,52.18,7.31,2.99,14.72,0.0,86.43,,,
100305,2022,1,0,Small,Construction,Southern,0,0,0,0,0,1,62.07,57.34,7.13,2.94,15.69,0.0,107.02,,,
100306,2022,1,1,Small,Retail,Eastern & Midlands,1,0,0,0,1,0,64.03,55.91,7.06,2.6,12.32,1.0,102.39,,,
100307,2022,1,1,Small,Hospitality,Eastern & Midlands,1,0,1,1,1,0,61.94,60.54,7.54,2.66,12.88,0.0,100.96,,,
100308,2022,1,0,Small,Construction,Northern & Western,0,0,0,0,0,0,57.79,53.31,7.34,2.82,13.46,0.0,75.85,,,
100309,2022,1,0,Small,Construction,Southern,0,0,0,0,0,0,59.68,57.03,6.95,2.59,16.58,1.0,73.98,,,
100310,2022,1,1,Large,Production,Eastern & Midlands,0,1,1,0,0,0,63.09,55.43,7.2,2.68,11.74,1.0,106.45,,,
100311,2022,1,0,Large,Business Services,Northern & Western,0,0,0,0,0,0,60.03,57.57,6.7,2.8,12.44,1.0,76.6,,,
100312,2022,1,0,Small,Business Services,Eastern & Midlands,0,0,0,0,0,1,56.34,53.62,7.24,2.74,11.9,0.0,87.28,,,
100313,2022,1,0,Large,Retail,Northern & Western,0,0,0,0,0,1,59.51,55.59,6.98,2.83,14.99,0.0,89.93,,,
100314,2022,1,0,Medium,Production,Northern & Western,0,0,0,0,0,0,59.96,54.21,7.44,3.11,13.68,1.0,98.19,,,
100315,2022,1,1,Small,Business Services,Southern,1,1,1,0,1,1,65.21,58.86,7.66,3.23,13.04,0.0,100.57,,,
100316,2022,1,0,Large,Other Services,Southern,0,0,0,0,0,0,58.54,54.71,7.14,3.5,13.88,1.0,83.34,,,
100317,2022,1,0,Large,Hospitality,Northern & Western,0,0,0,0,0,0,58.65,54.65,6.79,3.11,16.19,1.0,83.09,,,
100318,2022,1,0,Medium,Other Services,Southern,0,0,0,0,0,0,56.89,53.24,6.93,3.22,12.86,0.0,78.61,,,
100319,2022,1,0,Medium,Production,Eastern & Midlands,0,0,0,0,0,0,57.42,56.81,7.13,3.06,13.89,0.0,77.18,,,
100320,2022,1,0,Medium,Production,Eastern & Midlands,0,0,0,0,0,0,57.44,59.94,7.03,2.82,13.8,0.0,92.63,,,
100321,2022,1,0,Medium,Business Services,Northern & Western,0,0,0,0,0,0,59.4,53.75,6.95,2.64,16.96,0.0,90.92,,,
100322,2022,1,0,Small,Construction,Northern & Western,0,0,0,0,0,0,50.07,53.98,7.01,3.47,15.63,1.0,98.26,,,
100323,2022,1,1,Large,Production,Eastern & Midlands,0,1,0,1,1,1,63.31,60.49,7.53,2.64,12.14,0.0,87.6,,,
100324,2022,1,0,Large,Construction,Eastern & Midlands,0,0,0,0,0,0,59.92,53.68,6.44,2.82,14.15,0.0,63.99,,,
100325,2022,1,0,Medium,Retail,Northern & Western,0,0,0,0,0,0,54.73,55.07,7.01,2.95,16.43,0.0,88.18,,,
100326,2022,1,1,Large,Retail,Eastern & Midlands,1,1,0,0,1,0,60.65,55.45,7.51,2.82,14.26,0.0,90.5,,,
100327,2022,1,0,Large,Business Services,Eastern & Midlands,0,0,0,0,0,0,59.36,51.71,7.07,2.97,17.0,1.0,93.48,,,
100328,2022,1,0,Large,Retail,Northern & Western,0,0,0,0,0,0,56.77,52.56,7.46,2.63,15.22,0.0,85.11,,,
100329,2022,1,0,Medium,Other Services,Southern,0,0,0,0,0,0,61.82,52.8,7.25,2.9,14.49,1.0,80.82,,,
100330,2022,1,0,Large,Other Services,Eastern & Midlands,0,0,0,0,0,0,57.72,54.6,6.84,3.26,16.58,1.0,83.45,,,
100331,2022,1,0,Large,Other Services,Southern,0,0,0,0,0,0,61.86,48.27,7.31,3.16,17.4,0.0,82.07,,,
100332,2022,1,0,Large,Business Services,Southern,0,0,0,0,0,1,56.43,52.01,6.98,3.0,19.25,0.0,83.14,,,
100333,2022,1,1,Small,Business Services,Eastern & Midlands,1,1,1,0,0,1,64.29,56.66,7.4,2.12,13.17,1.0,113.3,,,
100334,2022,1,0,Small,Other Services,Southern,0,0,0,0,0,0,59.69,55.92,6.94,2.66,13.52,0.0,79.99,,,
100335,2022,1,1,Large,Construction,Northern & Western,0,1,0,1,0,0,64.7,55.37,7.37,2.47,12.94,0.0,88.16,,,
100336,2022,1,0,Large,Other Services,Eastern & Midlands,0,0,0,0,0,0,54.21,51.6,7.09,2.53,13.39,0.0,78.02,,,
100337,2022,1,0,Large,Construction,Eastern & Midlands,0,0,0,0,0,0,56.73,53.77,7.14,2.99,18.81,1.0,72.43,,,
100338,2022,1,0,Large,Retail,Southern,0,0,0,0,0,1,63.28,57.11,6.99,2.95,15.72,0.0,77.49,,,
100339,2022,1,0,Large,Construction,Eastern & Midlands,0,0,0,0,0,0,59.64,56.63,6.97,3.27,20.34,0.0,98.19,,,
100340,2022,1,0,Large,Production,Eastern & Midlands,0,0,0,0,0,0,58.22,55.36,6.68,3.0,17.61,0.0,88.02,,,
100341,2022,1,0,Small,Hospitality,Southern,0,0,0,0,0,0,55.21,56.33,6.82,3.3,13.36,0.0,63.63,,,
100342,2022,1,0,Medium,Production,Southern,0,0,0,0,0,1,58.76,55.74,7.28,2.6,14.33,0.0,87.94,,,
100343,2022,1,0,Large,Production,Eastern & Midlands,0,0,0,0,0,0,59.23,56.5,6.89,3.58,16.15,1.0,98.58,,,
100344,2022,1,1,Large,Business Services,Eastern & Midlands,0,1,1,0,1,1,63.72,58.23,7.54,2.63,13.0,0.0,77.69,,,
100345,2022,1,0,Large,Hospitality,Northern & Western,0,0,0,0,0,0,58.92,53.77,7.47,3.36,14.38,0.0,91.05,,,
100346,2022,1,0,Medium,Business Services,Northern & Western,0,0,0,0,0,0,63.81,53.32,7.13,3.04,19.77,0.0,75.61,,,
100347,2022,1,1,Large,Construction,Eastern & Midlands,1,0,1,1,0,1,59.85,54.92,7.21,2.1,12.54,0.0,91.66,,,
100348,2022,1,1,Large,Other Services,Eastern & Midlands,1,0,1,1,0,1,63.21,56.44,7.0,2.46,12.76,1.0,73.96,,,
100349,2022,1,0,Medium,Construction,Northern & Western,0,0,0,0,0,0,61.32,56.51,7.05,3.1,15.54,1.0,89.03,,,
100350,2022,1,1,Large,Hospitality,Southern,1,1,1,0,1,0,64.42,60.66,7.42,2.82,13.95,0.0,71.95,,,
100351,2022,1,0,Medium,Retail,Eastern & Midlands,0,0,0,0,0,0,59.95,56.63,6.84,3.22,19.57,0.0,84.57,,,
100352,2022,1,0,Medium,Construction,Northern & Western,0,0,0,0,0,1,61.73,56.33,7.13,2.59,15.25,1.0,65.17,,,
100353,2022,1,0,Large,Production,Northern & Western,0,0,0,0,0,0,61.01,59.17,7.03,3.63,18.48,0.0,79.89,,,
100354,2022,1,1,Small,Hospitality,Eastern & Midlands,0,0,1,1,1,0,67.04,61.72,6.85,2.56,11.04,0.0,89.65,,,
100355,2022,1,0,Small,Hospitality,Eastern & Midlands,0,0,0,0,0,0,63.42,53.03,7.14,3.38,14.31,0.0,97.82,,,
100356,2022,1,1,Large,Construction,Northern & Western,1,1,1,1,0,1,62.73,59.43,7.44,2.3,14.5,0.0,79.58,,,
100357,2022,1,0,Medium,Construction,Eastern & Midlands,0,0,0,0,0,0,60.45,57.62,7.28,2.83,18.73,0.0,63.27,,,
100358,2022,1,0,Medium,Business Services,Southern,0,0,0,0,0,1,58.66,57.63,7.09,3.23,17.12,0.0,70.07,,,
100359,2022,1,0,Medium,Business Services,Eastern & Midlands,0,0,0,0,0,0,60.87,52.67,7.4,3.07,16.22,0.0,72.81,,,
100360,2022,1,0,Large,Production,Northern & Western,0,0,0,0,0,1,59.95,57.32,7.45,3.02,15.82,1.0,90.02,,,
100361,2022,1,1,Small,Hospitality,Northern & Western,0,0,1,0,1,1,63.25,58.17,6.91,2.85,11.16,0.0,96.67,,,
100362,2022,1,0,Medium,Retail,Eastern & Midlands,0,0,0,0,0,0,58.69,54.3,7.22,2.91,16.76,0.0,84.44,,,
100363,2022,1,0,Medium,Retail,Northern & Western,0,0,0,0,0,1,61.3,49.96,7.26,2.97,16.23,0.0,81.64,,,
100364,2022,1,1,Large,Hospitality,Southern,0,1,0,1,1,0,61.97,59.2,7.09,1.92,10.97,0.0,73.94,,,
100365,2022,1,0,Small,Production,Eastern & Midlands,0,0,0,0,0,1,53.37,54.84,6.91,2.69,18.79,1.0,93.54,,,
100366,2022,1,1,Small,Business Services,Eastern & Midlands,1,1,1,1,1,1,61.63,60.75,7.26,2.63,16.33,0.0,89.19,,,
100367,2022,1,0,Large,Business Services,Northern & Western,0,0,0,0,0,0,57.33,56.63,7.23,3.22,16.85,0.0,80.15,,,
100368,2022,1,1,Small,Business Services,Southern,1,1,1,1,0,0,64.99,55.66,7.33,2.41,9.85,0.0,94.98,,,
100369,2022,1,0,Large,Retail,Eastern & Midlands,0,0,0,0,0,1,59.28,55.2,7.47,2.99,12.19,0.0,81.28,,,
100370,2022,1,1,Medium,Retail,Northern & Western,0,0,1,1,0,0,61.75,58.39,7.24,2.13,11.53,1.0,85.8,,,
100371,2022,1,0,Large,Production,Eastern & Midlands,0,0,0,0,0,0,60.92,54.87,6.97,2.8,19.89,0.0,92.21,,,
100372,2022,1,1,Medium,Retail,Southern,1,1,0,1,1,0,62.45,56.92,7.19,2.8,12.19,0.0,78.81,,,
100373,2022,1,1,Large,Construction,Northern & Western,1,0,1,0,1,0,61.41,57.76,7.38,3.03,14.55,0.0,63.85,,,
100374,2022,1,0,Medium,Retail,Eastern & Midlands,0,0,0,0,0,0,58.66,54.71,7.27,3.0,15.78,0.0,109.76,,,
100375,2022,1,1,Medium,Business Services,Northern & Western,1,0,0,1,0,0,62.79,59.02,7.52,2.91,13.41,0.0,87.5,,,
100376,2022,1,0,Large,Production,Northern & Western,0,0,0,0,0,1,59.81,54.32,7.07,3.12,16.43,0.0,108.24,,,
100377,2022,1,0,Medium,Hospitality,Southern,0,0,0,0,0,0,58.3,53.91,6.91,3.01,12.1,0.0,97.54,,,
100378,2022,1,0,Small,Hospitality,Southern,0,0,0,0,0,1,57.31,57.46,6.79,3.27,13.32,0.0,90.04,,,
100379,2022,1,1,Large,Production,Eastern & Midlands,0,1,0,1,1,1,66.13,58.47,6.94,1.92,13.31,1.0,85.28,,,
100380,2022,1,1,Small,Construction,Northern & Western,0,1,1,0,0,0,58.92,55.69,7.04,2.34,12.5,0.0,86.78,,,
100381,2022,1,0,Medium,Hospitality,Northern & Western,0,0,0,0,0,0,61.04,51.02,7.04,3.08,18.14,0.0,89.91,,,
100382,2022,1,1,Medium,Business Services,Northern & Western,0,1,1,0,1,0,65.79,54.62,6.73,3.03,15.02,0.0,80.75,,,
100383,2022,1,1,Medium,Hospitality,Eastern & Midlands,0,1,1,0,0,1,64.04,62.93,7.44,2.64,15.47,0.0,104.92,,,
100384,2022,1,0,Large,Hospitality,Southern,0,0,0,0,0,0,60.18,52.93,7.05,3.11,17.3,1.0,100.88,,,
100385,2022,1,0,Medium,Business Services,Southern,0,0,0,0,0,1,59.7,54.45,7.13,2.71,16.66,1.0,97.74,,,
100386,2022,1,0,Small,Retail,Northern & Western,0,0,0,0,0,1,55.58,56.91,6.88,2.62,18.77,1.0,89.14,,,
100387,2022,1,1,Small,Construction,Eastern & Midlands,1,1,0,1,0,0,62.38,60.06,7.15,2.75,13.2,0.0,109.98,,,
100388,2022,1,0,Large,Business Services,Northern & Western,0,0,0,0,0,0,55.05,54.47,7.74,2.78,16.29,1.0,96.91,,,
100389,2022,1,0,Small,Business Services,Southern,0,0,0,0,0,1,58.11,53.42,7.22,2.81,14.73,0.0,92.84,,,
100390,2022,1,1,Large,Other Services,Northern & Western,1,1,1,1,1,0,63.8,55.85,7.22,2.07,15.22,1.0,95.08,,,
100391,2022,1,0,Large,Production,Northern & Western,0,0,0,0,0,0,56.53,51.61,6.93,2.79,18.65,0.0,71.25,,,
100392,2022,1,1,Medium,Construction,Northern & Western,0,1,1,1,1,1,61.78,59.61,7.23,2.87,12.69,0.0,78.05,,,
100393,2022,1,0,Small,Retail,Southern,0,0,0,0,0,1,54.84,55.56,6.76,2.43,16.82,1.0,72.89,,,
100394,2022,1,0,Small,Other Services,Eastern & Midlands,0,0,0,0,0,1,57.71,56.05,7.42,3.0,15.51,0.0,75.39,,,
100395,2022,1,1,Small,Business Services,Northern & Western,1,0,1,0,1,0,65.15,57.52,7.12,2.54,12.3,1.0,102.01,,,
100396,2022,1,0,Medium,Other Services,Southern,0,0,0,0,0,0,57.66,56.94,7.16,3.39,15.23,0.0,76.03,,,
100397,2022,1,0,Large,Retail,Northern & Western,0,0,0,0,0,0,59.34,56.5,7.03,2.96,18.07,0.0,82.57,,,
100398,2022,1,0,Small,Other Services,Eastern & Midlands,0,0,0,0,0,1,56.35,57.58,7.24,3.18,14.41,0.0,93.54,,,
100399,2022,1,1,Small,Other Services,Northern & Western,0,0,0,0,0,0,62.53,53.94,7.33,2.6,15.15,0.0,85.72,,,
100400,2022,1,0,Small,Other Services,Eastern & Midlands,0,0,0,0,0,0,59.4,53.63,6.95,3.3,15.02,0.0,87.21,,,
100401,2022,1,1,Small,Business Services,Southern,0,1,1,1,1,0,64.89,58.95,7.21,2.22,15.34,0.0,98.71,,,
100402,2022,1,1,Medium,Business Services,Eastern & Midlands,0,1,0,0,0,0,66.33,58.2,7.38,2.7,12.16,0.0,80.3,,,
100403,2022,1,0,Large,Production,Eastern & Midlands,0,0,0,0,0,0,59.82,58.16,7.02,3.23,19.42,0.0,95.07,,,
100404,2022,1,1,Small,Hospitality,Southern,1,0,1,0,1,0,62.61,57.41,7.43,3.01,10.58,0.0,82.59,,,
100405,2022,1,0,Small,Construction,Eastern & Midlands,0,0,0,0,0,1,60.78,52.47,7.41,2.75,18.88,0.0,77.5,,,
100406,2022,1,0,Large,Production,Eastern & Midlands,0,0,0,0,0,0,58.95,52.44,6.93,3.22,18.96,0.0,88.12,,,
100407,2022,1,0,Medium,Retail,Southern,0,0,0,0,0,0,58.5,52.79,7.3,2.68,15.74,1.0,93.02,,,
100408,2022,1,0,Medium,Other Services,Eastern & Midlands,0,0,0,0,0,1,59.35,54.77,7.37,2.75,15.58,1.0,96.57,,,
100409,2022,1,1,Medium,Business Services,Eastern & Midlands,1,1,1,1,1,0,63.38,59.51,7.39,3.12,9.78,0.0,79.16,,,
100410,2022,1,0,Medium,Other Services,Northern & Western,0,0,0,0,0,1,58.17,55.6,7.0,2.73,15.22,1.0,83.21,,,
100411,2022,1,1,Small,Business Services,Eastern & Midlands,1,0,1,0,1,0,64.37,56.88,7.36,3.13,12.29,0.0,83.45,,,
100412,2022,1,0,Large,Construction,Eastern & Midlands,0,0,0,0,0,0,61.7,54.67,7.03,3.04,16.54,0.0,85.0,,,
100413,2022,1,1,Large,Production,Eastern & Midlands,1,0,1,0,0,0,62.62,55.93,7.19,2.63,13.09,1.0,98.53,,,
100414,2022,1,1,Large,Production,Southern,0,0,0,1,0,0,65.59,58.14,7.33,2.84,12.78,0.0,84.5,,,
100415,2022,1,1,Medium,Retail,Eastern & Midlands,1,1,0,0,0,0,62.04,59.56,7.38,2.5,8.88,0.0,95.07,,,
100416,2022,1,1,Medium,Production,Southern,1,0,1,1,1,1,61.06,56.8,7.63,2.24,13.04,1.0,84.13,,,
100417,2022,1,1,Large,Production,Southern,1,0,1,0,1,1,64.76,57.56,7.25,2.98,11.62,0.0,97.47,,,
100418,2022,1,0,Small,Hospitality,Eastern & Midlands,0,0,0,0,0,0,59.72,53.49,7.02,2.76,16.44,0.0,69.68,,,
100419,2022,1,1,Medium,Construction,Eastern & Midlands,0,0,1,0,1,0,66.36,58.91,7.51,2.16,9.44,0.0,109.61,,,
100420,2022,1,0,Small,Other Services,Eastern & Midlands,0,0,0,0,0,0,59.19,57.13,7.33,3.09,15.73,0.0,79.65,,,
100421,2022,1,0,Large,Production,Eastern & Midlands,0,0,0,0,0,0,58.01,52.75,7.25,3.18,17.3,0.0,94.81,,,
100422,2022,1,0,Medium,Retail,Eastern & Midlands,0,0,0,0,0,0,58.9,54.82,6.93,3.03,15.85,0.0,88.93,,,
100423,2022,1,1,Small,Other Services,Eastern & Midlands,1,1,0,1,0,0,65.04,59.69,7.61,2.29,13.08,0.0,79.48,,,
100424,2022,1,0,Medium,Business Services,Eastern & Midlands,0,0,0,0,0,1,59.8,52.93,7.62,3.31,17.94,1.0,82.84,,,
100425,2022,1,1,Large,Production,Southern,0,1,1,0,1,0,65.66,58.8,7.39,2.2,13.3,1.0,88.85,,,
100426,2022,1,0,Large,Production,Northern & Western,0,0,0,0,0,0,57.38,53.86,7.3,3.3,15.64,1.0,85.13,,,
100427,2022,1,0,Large,Other Services,Southern,0,0,0,0,0,0,61.04,57.28,6.84,2.68,18.64,0.0,81.93,,,
100428,2022,1,0,Small,Business Services,Eastern & Midlands,0,0,0,0,0,0,56.67,56.85,6.92,2.51,15.87,0.0,85.27,,,
100429,2022,1,0,Medium,Hospitality,Northern & Western,0,0,0,0,0,0,55.53,51.22,6.99,3.02,14.83,0.0,79.21,,,
100430,2022,1,0,Medium,Construction,Northern & Western,0,0,0,0,0,0,57.41,54.99,6.97,2.74,14.95,0.0,78.02,,,
100431,2022,1,0,Medium,Hospitality,Eastern & Midlands,0,0,0,0,0,0,60.2,55.9,6.99,2.58,17.42,1.0,69.13,,,
100432,2022,1,0,Large,Retail,Eastern & Midlands,0,0,0,0,0,0,61.11,51.4,7.53,3.16,19.86,1.0,103.65,,,
100433,2022,1,0,Small,Other Services,Southern,0,0,0,0,0,0,58.08,55.55,6.81,2.95,15.33,0.0,65.36,,,
100434,2022,1,0,Large,Production,Northern & Western,0,0,0,0,0,0,55.3,53.9,7.2,3.12,16.54,0.0,101.69,,,
100435,2022,1,0,Large,Hospitality,Northern & Western,0,0,0,0,0,1,55.09,55.4,7.08,2.8,13.99,0.0,78.59,,,
100436,2022,1,1,Small,Construction,Eastern & Midlands,0,1,1,1,1,1,63.62,54.96,7.23,2.31,11.04,0.0,101.73,,,
100437,2022,1,1,Large,Retail,Eastern & Midlands,1,1,0,1,0,0,62.12,57.08,7.25,2.6,11.13,0.0,100.23,,,
100438,2022,1,1,Large,Hospitality,Northern & Western,1,0,1,0,1,1,61.83,61.47,7.24,2.78,14.09,0.0,72.66,,,
100439,2022,1,0,Medium,Production,Northern & Western,0,0,0,0,0,0,60.26,52.89,7.13,2.58,17.54,1.0,72.81,,,
100440,2022,1,1,Small,Construction,Eastern & Midlands,1,0,1,1,1,0,63.24,56.6,7.35,2.92,11.07,0.0,81.98,,,
100441,2022,1,0,Small,Production,Eastern & Midlands,0,0,0,0,0,1,59.45,53.24,7.48,3.19,13.31,0.0,69.03,,,
100442,2022,1,0,Medium,Production,Eastern & Midlands,0,0,0,0,0,0,60.59,52.71,6.99,3.33,17.97,0.0,85.38,,,
100443,2022,1,0,Small,Retail,Southern,0,0,0,0,0,0,57.42,55.34,7.39,3.3,14.86,0.0,76.95,,,
100444,2022,1,1,Medium,Construction,Southern,1,0,1,0,0,0,65.29,59.3,7.25,2.19,13.7,0.0,88.01,,,
100445,2022,1,0,Large,Business Services,Eastern & Midlands,0,0,0,0,0,1,56.06,54.79,7.14,3.63,17.2,0.0,72.09,,,
100446,2022,1,0,Small,Production,Southern,0,0,0,0,0,0,57.75,54.49,7.12,3.81,14.66,0.0,93.46,,,
100447,2022,1,1,Small,Construction,Northern & Western,1,1,1,0,1,0,64.41,58.78,7.5,2.19,9.45,0.0,85.09,,,
100448,2022,1,0,Large,Production,Northern & Western,0,0,0,0,0,1,61.77,55.89,7.11,2.96,15.85,0.0,85.39,,,
100449,2022,1,0,Large,Hospitality,Eastern & Midlands,0,0,0,0,0,1,54.57,52.3,6.86,3.38,17.15,1.0,104.99,,,
100450,2022,1,0,Small,Hospitality,Northern & Western,0,0,0,0,0,1,63.43,55.34,7.3,3.16,14.73,1.0,84.38,,,
100451,2022,1,1,Small,Construction,Northern & Western,1,1,1,1,1,0,62.56,59.56,7.15,2.85,15.52,0.0,90.53,,,
100452,2022,1,0,Small,Retail,Northern & Western,0,0,0,0,0,0,59.61,54.84,6.99,3.13,19.49,0.0,82.47,,,
100453,2022,1,0,Medium,Business Services,Northern & Western,0,0,0,0,0,0,61.27,54.92,6.9,3.13,16.36,0.0,73.77,,,
100454,2022,1,0,Small,Hospitality,Northern & Western,0,0,0,0,0,0,60.55,54.94,7.5,2.86,17.66,0.0,90.06,,,
100455,2022,1,0,Small,Retail,Southern,0,0,0,0,0,0,57.45,54.22,7.02,2.98,13.29,0.0,104.21,,,
100456,2022,1,0,Large,Business Services,Southern,0,0,0,0,0,0,59.09,56.08,7.1,2.89,14.09,0.0,86.61,,,
100457,2022,1,0,Large,Hospitality,Eastern & Midlands,0,0,0,0,0,0,59.96,54.21,6.96,3.11,17.5,0.0,85.96,,,
100458,2022,1,1,Medium,Business Services,Northern & Western,1,1,0,1,1,0,62.87,55.05,7.51,2.74,12.33,0.0,96.97,,,
100459,2022,1,1,Large,Other Services,Southern,0,0,1,0,1,0,63.67,57.21,7.34,2.26,9.59,0.0,100.75,,,
100460,2022,1,0,Small,Production,Southern,0,0,0,0,0,0,60.17,58.83,6.88,2.5,14.77,1.0,90.54,,,
100461,2022,1,0,Small,Construction,Southern,0,0,0,0,0,0,59.22,54.05,6.9,2.83,15.31,0.0,97.48,,,
100462,2022,1,0,Medium,Hospitality,Northern & Western,0,0,0,0,0,1,60.14,54.12,6.93,2.51,15.24,0.0,72.2,,,
100463,2022,1,0,Large,Hospitality,Southern,0,0,0,0,0,0,58.84,56.33,6.85,2.98,16.77,1.0,92.44,,,
100464,2022,1,0,Large,Production,Eastern & Midlands,0,0,0,0,0,1,60.06,54.7,7.29,3.51,17.07,1.0,83.19,,,
100465,2022,1,0,Large,Hospitality,Eastern & Midlands,0,0,0,0,0,1,57.34,55.66,6.83,2.61,16.87,1.0,75.86,,,
100466,2022,1,1,Medium,Hospitality,Northern & Western,1,1,1,0,0,0,60.48,55.5,7.53,2.71,10.38,0.0,83.07,,,
100467,2022,1,1,Large,Other Services,Eastern & Midlands,1,1,0,1,1,0,61.55,58.85,7.26,2.64,9.41,0.0,98.57,,,
100468,2022,1,1,Large,Hospitality,Southern,0,0,0,1,0,0,62.93,60.86,7.32,2.22,14.62,0.0,106.13,,,
100469,2022,1,0,Large,Hospitality,Northern & Western,0,0,0,0,0,1,60.22,53.99,7.16,3.01,17.37,1.0,76.15,,,
100470,2022,1,1,Small,Hospitality,Eastern & Midlands,0,0,0,1,0,1,65.31,57.88,7.38,2.62,14.9,0.0,90.02,,,
100471,2022,1,0,Medium,Retail,Northern & Western,0,0,0,0,0,0,55.6,54.52,7.14,2.82,14.56,0.0,96.04,,,
100472,2022,1,0,Small,Hospitality,Southern,0,0,0,0,0,0,57.55,52.64,6.93,2.81,16.08,0.0,73.07,,,
100473,2022,1,0,Medium,Production,Eastern & Midlands,0,0,0,0,0,1,61.69,54.51,7.17,3.26,14.33,0.0,87.85,,,
100474,2022,1,1,Large,Other Services,Southern,1,1,1,1,0,0,62.93,60.92,7.49,2.22,16.11,0.0,98.18,,,
100475,2022,1,1,Small,Hospitality,Eastern & Midlands,1,1,1,0,0,0,67.33,57.02,7.3,2.36,12.71,0.0,88.66,,,
100476,2022,1,0,Large,Business Services,Northern & Western,0,0,0,0,0,0,57.82,54.95,7.29,2.82,15.88,0.0,82.0,,,
100477,2022,1,0,Large,Other Services,Eastern & Midlands,0,0,0,0,0,1,57.99,52.78,7.3,2.99,14.58,0.0,89.46,,,
100478,2022,1,0,Medium,Other Services,Eastern & Midlands,0,0,0,0,0,0,61.78,51.35,7.21,2.9,20.81,1.0,65.71,,,
100479,2022,1,0,Large,Business Services,Eastern & Midlands,0,0,0,0,0,0,58.95,57.97,6.87,2.86,17.65,0.0,85.37,,,
100480,2022,1,0,Small,Production,Northern & Western,0,0,0,0,0,0,60.2,56.06,6.86,3.04,12.68,0.0,88.49,,,
100481,2022,1,0,Medium,Retail,Eastern & Midlands,0,0,0,0,0,0,59.84,56.17,6.97,3.26,11.36,0.0,79.53,,,
100482,2022,1,0,Medium,Production,Southern,0,0,0,0,0,1,59.13,54.91,7.08,3.35,15.97,0.0,71.14,,,
100483,2022,1,0,Small,Retail,Northern & Western,0,0,0,0,0,0,61.06,56.94,6.83,3.42,17.13,1.0,97.49,,,
100484,2022,1,0,Large,Construction,Northern & Western,0,0,0,0,0,0,59.77,54.54,7.25,2.86,19.47,0.0,80.63,,,
100485,2022,1,0,Large,Business Services,Southern,0,0,0,0,0,0,58.87,52.26,7.57,3.09,15.2,1.0,92.53,,,
100486,2022,1,0,Large,Other Services,Northern & Western,0,0,0,0,0,0,57.41,55.3,6.97,3.04,19.82,0.0,93.54,,,
100487,2022,1,0,Large,Other Services,Eastern & Midlands,0,0,0,0,0,1,59.16,55.53,6.8,3.5,15.01,0.0,73.02,,,
100488,2022,1,0,Large,Other Services,Northern & Western,0,0,0,0,0,0,58.77,53.34,7.24,2.53,15.8,0.0,88.07,,,
100489,2022,1,0,Medium,Business Services,Southern,0,0,0,0,0,0,57.16,56.71,7.21,2.76,14.01,0.0,77.79,,,
100490,2022,1,0,Medium,Business Services,Northern & Western,0,0,0,0,0,0,56.45,55.01,7.12,2.91,19.28,1.0,80.99,,,
100491,2022,1,1,Small,Retail,Southern,1,1,1,1,1,0,62.73,55.02,7.36,2.05,13.28,0.0,99.52,,,
100492,2022,1,1,Large,Other Services,Northern & Western,1,1,1,1,0,0,62.72,56.93,7.04,2.55,15.36,1.0,81.38,,,
100493,2022,1,1,Large,Production,Southern,1,1,1,0,1,1,62.05,58.96,7.26,2.56,16.53,0.0,89.13,,,
100494,2022,1,0,Large,Retail,Northern & Western,0,0,0,0,0,0,58.63,56.93,6.94,3.55,16.73,0.0,92.51,,,
100495,2022,1,1,Small,Other Services,Eastern & Midlands,1,0,1,1,0,0,60.06,57.03,7.84,2.58,14.02,0.0,76.26,,,
100496,2022,1,1,Large,Business Services,Southern,1,1,1,1,1,1,65.84,59.96,7.19,2.37,12.57,0.0,100.47,,,
100497,2022,1,1,Medium,Business Services,Southern,0,1,0,0,1,0,59.93,57.0,7.3,2.38,11.04,0.0,96.86,,,
100498,2022,1,1,Large,Business Services,Northern & Western,1,1,0,0,0,0,64.05,58.21,7.26,1.98,14.63,0.0,101.78,,,
100499,2022,1,1,Small,Other Services,Northern & Western,1,1,0,1,1,1,58.69,57.84,7.15,2.11,14.18,0.0,80.89,,,
100500,2022,1,0,Medium,Business Services,Northern & Western,0,0,0,0,0,1,57.74,54.32,7.03,2.86,13.78,0.0,92.91,,,
100501,2022,1,1,Medium,Construction,Eastern & Midlands,1,0,1,1,1,1,62.16,59.16,7.49,2.59,12.93,0.0,91.23,,,
100502,2022,1,1,Medium,Business Services,Northern & Western,1,1,0,1,1,1,65.88,51.74,7.34,2.68,14.6,0.0,103.01,,,
100503,2022,1,1,Large,Other Services,Southern,1,1,1,1,0,0,59.59,57.28,7.32,2.74,12.75,0.0,91.2,,,
100504,2022,1,0,Small,Retail,Northern & Western,0,0,0,0,0,1,57.12,55.91,7.12,3.15,16.72,0.0,89.09,,,
100505,2022,1,0,Small,Business Services,Eastern & Midlands,0,0,0,0,0,0,56.35,53.85,7.38,2.7,15.41,0.0,92.17,,,
100506,2022,1,0,Large,Hospitality,Northern & Western,0,0,0,0,0,0,60.06,57.16,7.08,3.53,13.1,0.0,82.86,,,
100507,2022,1,0,Small,Construction,Northern & Western,0,0,0,0,0,0,58.17,55.44,6.92,2.89,14.64,0.0,66.06,,,
100508,2022,1,0,Medium,Other Services,Southern,0,0,0,0,0,0,58.42,53.92,7.02,3.23,19.6,0.0,57.96,,,
100509,2022,1,0,Medium,Business Services,Northern & Western,0,0,0,0,0,0,58.74,55.52,6.9,2.72,15.54,0.0,73.45,,,
100510,2022,1,0,Small,Hospitality,Eastern & Midlands,0,0,0,0,0,0,59.34,55.49,7.16,2.94,19.13,0.0,95.76,,,
100511,2022,1,0,Small,Other Services,Northern & Western,0,0,0,0,0,0,62.51,52.13,7.18,3.21,16.04,0.0,107.37,,,
100512,2022,1,1,Large,Retail,Northern & Western,0,1,0,1,0,0,64.36,56.82,7.64,2.22,8.72,0.0,90.71,,,
100513,2022,1,1,Large,Construction,Southern,0,1,0,1,0,0,65.89,57.15,7.21,2.56,10.18,0.0,100.5,,,
100514,2022,1,0,Large,Business Services,Northern & Western,0,0,0,0,0,1,57.07,50.51,6.81,2.86,13.39,0.0,78.01,,,
100515,2022,1,1,Large,Retail,Southern,1,1,0,0,0,0,59.85,56.52,7.15,2.47,9.82,0.0,81.73,,,
100516,2022,1,0,Large,Other Services,Southern,0,0,0,0,0,0,59.15,52.59,7.34,2.97,16.11,0.0,59.9,,,
100517,2022,1,0,Large,Hospitality,Northern & Western,0,0,0,0,0,1,57.71,52.56,7.14,3.2,13.23,1.0,85.19,,,
100518,2022,1,1,Medium,Other Services,Southern,1,0,0,0,1,0,66.09,57.13,7.32,2.58,13.69,1.0,92.48,,,
100519,2022,1,0,Small,Other Services,Southern,0,0,0,0,0,0,59.33,52.59,7.43,3.21,14.34,0.0,87.14,,,
100520,2022,1,0,Large,Construction,Northern & Western,0,0,0,0,0,0,62.53,52.26,7.28,3.06,15.81,0.0,71.74,,,
100521,2022,1,0,Medium,Business Services,Northern & Western,0,0,0,0,0,1,58.69,53.64,7.25,3.15,13.71,0.0,84.65,,,
100522,2022,1,0,Small,Retail,Eastern & Midlands,0,0,0,0,0,1,57.35,57.0,7.19,3.31,14.4,0.0,66.17,,,
100523,2022,1,0,Small,Construction,Eastern & Midlands,0,0,0,0,0,0,58.66,55.35,6.98,3.45,15.4,0.0,82.97,,,
100524,2022,1,1,Small,Hospitality,Southern,1,1,0,0,0,0,63.37,58.87,6.66,2.45,13.01,0.0,97.08,,,
100525,2022,1,0,Large,Business Services,Southern,0,0,0,0,0,0,59.55,55.59,7.4,3.57,15.65,1.0,77.78,,,
100526,2022,1,1,Large,Construction,Northern & Western,1,1,1,0,1,0,61.52,57.92,7.14,2.46,11.56,0.0,87.14,,,
100527,2022,1,1,Large,Hospitality,Eastern & Midlands,1,0,0,1,1,0,65.05,56.38,7.36,1.78,14.22,0.0,91.05,,,
100528,2022,1,0,Small,Hospitality,Eastern & Midlands,0,0,0,0,0,0,56.22,58.43,7.0,3.15,17.04,0.0,77.66,,,
100529,2022,1,0,Small,Retail,Northern & Western,0,0,0,0,0,0,58.58,57.83,7.17,2.76,17.58,0.0,86.37,,,
100530,2022,1,0,Medium,Other Services,Northern & Western,0,0,0,0,0,1,55.19,55.62,7.16,2.93,16.09,1.0,103.01,,,
100531,2022,1,0,Medium,Hospitality,Northern & Western,0,0,0,0,0,0,62.73,54.79,7.08,2.91,14.44,1.0,85.85,,,
100532,2022,1,0,Medium,Hospitality,Northern & Western,0,0,0,0,0,0,61.4,55.82,7.46,3.1,11.99,1.0,76.77,,,
100533,2022,1,0,Medium,Other Services,Eastern & Midlands,0,0,0,0,0,0,54.31,55.62,6.82,2.99,13.63,0.0,67.11,,,
100534,2022,1,0,Small,Production,Northern & Western,0,0,0,0,0,0,62.88,56.06,6.87,2.84,15.17,0.0,96.08,,,
100535,2022,1,1,Large,Hospitality,Northern & Western,1,0,0,1,0,0,63.37,58.7,7.44,2.5,14.36,0.0,113.19,,,
100536,2022,1,1,Large,Business Services,Eastern & Midlands,1,0,0,1,1,0,67.84,57.94,7.08,2.24,17.24,0.0,88.86,,,
100537,2022,1,1,Large,Construction,Northern & Western,1,0,1,0,1,1,62.35,59.66,7.28,2.41,13.01,1.0,85.35,,,
100538,2022,1,1,Large,Other Services,Eastern & Midlands,1,0,0,1,1,0,66.6,53.04,7.28,2.3,14.11,0.0,101.52,,,
100539,2022,1,0,Medium,Other Services,Eastern & Midlands,0,0,0,0,0,0,54.25,53.39,7.08,3.11,15.8,0.0,78.03,,,
100540,2022,1,1,Small,Other Services,Northern & Western,1,1,0,0,0,1,62.61,58.89,7.37,2.13,11.55,0.0,90.86,,,
100541,2022,1,0,Large,Business Services,Northern & Western,0,0,0,0,0,0,57.73,55.67,6.8,2.76,15.87,0.0,103.69,,,
100542,2022,1,0,Small,Other Services,Southern,0,0,0,0,0,1,60.83,52.47,7.02,3.29,14.3,0.0,76.4,,,
100543,2022,1,1,Medium,Business Services,Southern,1,1,1,1,1,0,63.16,55.58,7.32,2.01,11.32,0.0,99.98,,,
100544,2022,1,1,Medium,Retail,Eastern & Midlands,1,0,0,0,0,0,64.17,57.62,7.01,2.96,13.39,0.0,100.49,,,
100545,2022,1,1,Large,Production,Eastern & Midlands,0,1,1,1,1,0,64.77,56.6,7.1,2.21,18.21,0.0,98.44,,,
100546,2022,1,0,Large,Other Services,Southern,0,0,0,0,0,0,57.16,54.17,7.27,3.01,16.7,0.0,79.82,,,
100547,2022,1,1,Medium,Production,Eastern & Midlands,1,1,1,1,1,1,63.34,59.06,7.74,2.42,10.17,0.0,109.5,,,
100548,2022,1,1,Medium,Other Services,Southern,0,1,1,1,0,0,62.16,58.77,7.32,2.95,12.31,0.0,85.98,,,
100549,2022,1,0,Small,Business Services,Northern & Western,0,0,0,0,0,1,58.89,54.62,6.74,3.13,14.81,0.0,75.25,,,
100550,2022,1,1,Medium,Construction,Northern & Western,1,1,0,0,0,1,63.71,58.41,7.09,2.7,16.33,0.0,83.45,,,
100551,2022,1,0,Small,Production,Northern & Western,0,0,0,0,0,1,58.45,54.3,7.12,3.27,14.4,0.0,106.88,,,
100552,2022,1,1,Medium,Production,Eastern & Midlands,1,0,1,1,1,0,63.71,57.71,7.24,2.64,13.4,1.0,95.49,,,
100553,2022,1,0,Small,Business Services,Northern & Western,0,0,0,0,0,1,59.47,53.19,6.79,2.66,14.62,0.0,89.61,,,
100554,2022,1,0,Medium,Production,Eastern & Midlands,0,0,0,0,0,1,57.35,53.55,6.88,3.3,18.16,0.0,77.39,,,
100555,2022,1,0,Medium,Retail,Northern & Western,0,0,0,0,0,0,55.84,52.45,6.9,2.76,14.72,0.0,80.97,,,
100556,2022,1,0,Small,Business Services,Eastern & Midlands,0,0,0,0,0,0,59.71,53.83,6.9,2.64,16.76,1.0,75.66,,,
100557,2022,1,0,Small,Production,Eastern & Midlands,0,0,0,0,0,0,58.9,57.25,7.22,2.85,19.08,0.0,77.56,,,
100558,2022,1,1,Large,Production,Southern,0,1,0,1,1,0,63.71,59.26,7.53,3.04,13.01,0.0,79.97,,,
100559,2022,1,1,Large,Production,Southern,1,0,1,0,1,0,61.42,57.21,7.23,2.53,11.68,0.0,95.9,,,
100560,2022,1,0,Medium,Business Services,Southern,0,0,0,0,0,1,62.14,57.98,6.79,2.69,15.83,1.0,77.93,,,
100561,2022,1,0,Medium,Construction,Eastern & Midlands,0,0,0,0,0,1,61.35,52.18,7.39,2.52,16.94,0.0,92.52,,,
100562,2022,1,1,Small,Hospitality,Southern,0,1,1,0,1,0,62.92,57.24,7.17,2.68,11.84,0.0,81.45,,,
100563,2022,1,0,Medium,Other Services,Southern,0,0,0,0,0,1,54.86,55.75,7.26,2.64,15.44,0.0,85.95,,,
100564,2022,1,0,Large,Production,Southern,0,0,0,0,0,0,58.77,51.09,7.27,3.37,16.86,0.0,65.9,,,
100565,2022,1,0,Small,Hospitality,Eastern & Midlands,0,0,0,0,0,0,60.09,54.57,7.19,3.06,17.3,0.0,82.67,,,
100566,2022,1,0,Medium,Hospitality,Eastern & Midlands,0,0,0,0,0,0,57.54,53.12,7.35,2.57,17.71,0.0,71.36,,,
100567,2022,1,0,Small,Production,Southern,0,0,0,0,0,1,58.33,55.08,7.17,3.1,13.22,0.0,79.86,,,
100568,2022,1,1,Large,Production,Southern,1,1,1,0,0,0,59.16,57.52,7.72,2.96,13.61,0.0,96.92,,,
100569,2022,1,0,Large,Other Services,Eastern & Midlands,0,0,0,0,0,1,56.67,53.86,7.19,2.61,15.3,0.0,73.63,,,
100570,2022,1,0,Large,Hospitality,Eastern & Midlands,0,0,0,0,0,1,57.85,53.73,7.2,3.07,16.25,1.0,82.89,,,
100571,2022,1,0,Medium,Construction,Southern,0,0,0,0,0,1,62.83,54.89,6.87,3.3,19.17,1.0,72.53,,,
100572,2022,1,0,Medium,Hospitality,Southern,0,0,0,0,0,0,55.07,52.37,7.02,2.74,18.59,0.0,81.71,,,
100573,2022,1,0,Medium,Construction,Southern,0,0,0,0,0,1,59.17,51.72,7.17,2.82,15.29,0.0,97.78,,,
100574,2022,1,0,Medium,Retail,Eastern & Midlands,0,0,0,0,0,0,58.9,54.72,7.25,3.38,16.33,0.0,92.75,,,
100575,2022,1,1,Medium,Construction,Southern,0,0,1,0,0,0,62.44,58.44,7.15,2.13,12.93,0.0,101.17,,,
100576,2022,1,0,Medium,Other Services,Eastern & Midlands,0,0,0,0,0,1,60.02,51.55,6.97,2.97,15.99,0.0,106.05,,,
100577,2022,1,0,Large,Business Services,Northern & Western,0,0,0,0,0,0,62.11,54.46,7.08,3.15,18.05,0.0,99.22,,,
100578,2022,1,0,Large,Production,Southern,0,0,0,0,0,0,58.21,53.36,7.19,2.93,14.15,0.0,99.2,,,
100579,2022,1,0,Medium,Retail,Northern & Western,0,0,0,0,0,0,56.66,57.01,6.86,2.89,15.52,0.0,92.04,,,
100580,2022,1,1,Large,Hospitality,Eastern & Midlands,1,1,0,1,1,0,65.27,60.97,7.59,2.08,12.6,0.0,82.15,,,
100581,2022,1,0,Small,Construction,Northern & Western,0,0,0,0,0,0,59.63,53.41,6.98,3.02,17.97,0.0,77.7,,,
100582,2022,1,0,Medium,Retail,Southern,0,0,0,0,0,0,58.92,55.45,7.29,2.9,16.19,0.0,77.75,,,
100583,2022,1,0,Small,Business Services,Northern & Western,0,0,0,0,0,0,58.8,58.56,7.22,2.73,16.33,0.0,82.94,,,
100584,2022,1,0,Medium,Construction,Northern & Western,0,0,0,0,0,1,60.24,53.9,6.83,3.32,16.0,1.0,67.08,,,
100585,2022,1,1,Medium,Other Services,Northern & Western,1,1,1,1,0,0,64.08,57.11,7.2,2.88,15.15,0.0,83.7,,,
100586,2022,1,0,Large,Hospitality,Eastern & Midlands,0,0,0,0,0,0,57.48,59.34,7.05,2.93,10.15,0.0,72.59,,,
100587,2022,1,0,Small,Hospitality,Southern,0,0,0,0,0,0,58.11,59.69,7.01,2.31,18.2,1.0,82.56,,,
100588,2022,1,0,Large,Construction,Eastern & Midlands,0,0,0,0,0,0,55.03,50.17,7.22,2.56,16.62,1.0,76.24,,,
100589,2022,1,0,Medium,Business Services,Northern & Western,0,0,0,0,0,0,53.84,58.85,6.99,3.14,17.32,0.0,93.05,,,
100590,2022,1,0,Small,Production,Northern & Western,0,0,0,0,0,0,60.61,53.51,6.83,3.47,15.05,0.0,75.94,,,
100591,2022,1,0,Medium,Production,Eastern & Midlands,0,0,0,0,0,0,58.65,58.84,7.14,3.37,18.61,0.0,79.72,,,
100592,2022,1,0,Large,Hospitality,Eastern & Midlands,0,0,0,0,0,1,55.51,54.86,6.91,3.05,15.6,0.0,105.36,,,
100593,2022,1,0,Medium,Business Services,Northern & Western,0,0,0,0,0,0,57.03,53.38,7.03,3.38,18.43,1.0,78.53,,,
100594,2022,1,0,Medium,Hospitality,Southern,0,0,0,0,0,1,61.24,55.29,7.13,2.73,18.69,0.0,103.47,,,
100595,2022,1,1,Large,Production,Eastern & Midlands,0,1,0,0,0,1,61.27,57.46,7.22,2.59,10.77,0.0,75.93,,,
100596,2022,1,0,Medium,Hospitality,Northern & Western,0,0,0,0,0,0,59.6,56.18,7.17,3.84,13.95,0.0,74.4,,,
100597,2022,1,0,Small,Construction,Northern & Western,0,0,0,0,0,0,59.0,51.4,7.5,3.0,17.12,0.0,83.05,,,
100598,2022,1,1,Large,Other Services,Southern,1,1,0,1,0,0,63.59,53.65,7.52,2.74,13.06,1.0,95.66,,,
100599,2022,1,1,Medium,Construction,Northern & Western,1,0,0,1,0,1,68.23,57.79,6.94,2.58,13.29,1.0,113.27,,,
100600,2022,1,0,Large,Other Services,Eastern & Midlands,0,0,0,0,0,0,58.29,53.63,7.03,3.04,15.08,0.0,83.82,,,
