firm_id,year,post,treat,treat_post,firm_size,sector,region,absenteeism_days,presenteeism_flag,turnover_rate,well_being_index,manager_age,manager_experience,manager_education
30001,2019,0,0,0,Small,Production,Southern,2.4,0.0,13.95,62.66,45.8,17.7,1.0
30001,2022,1,0,0,Small,Production,Southern,2.07,1.0,16.78,55.02,34.6,6.3,3.0
30002,2019,0,0,0,Large,Business Services,Eastern & Midlands,2.3,1.0,13.26,62.55,47.6,12.5,2.0
30002,2022,1,0,0,Large,Business Services,Eastern & Midlands,2.0,0.0,14.97,60.68,44.6,10.1,2.0
30003,2019,0,0,0,Medium,Business Services,Northern & Western,2.62,0.0,11.74,63.3,44.3,11.5,2.0
30003,2022,1,0,0,Medium,Business Services,Northern & Western,2.08,0.0,15.63,60.18,46.2,10.8,2.0
30004,2019,0,0,0,Medium,Retail,Northern & Western,2.08,0.0,15.23,57.99,53.8,6.3,2.0
30004,2022,1,0,0,Medium,Retail,Northern & Western,2.16,0.0,15.51,58.76,51.2,3.5,2.0
30005,2019,0,0,0,Small,Construction,Eastern & Midlands,2.46,0.0,13.81,65.92,44.8,9.0,1.0
30005,2022,1,0,0,Small,Construction,Eastern & Midlands,2.8,0.0,18.31,65.02,41.9,8.7,3.0
30006,2019,0,0,0,Small,Construction,Eastern & Midlands,2.41,0.0,14.7,58.11,47.8,16.0,3.0
30006,2022,1,0,0,Small,Construction,Eastern & Midlands,2.62,0.0,17.24,67.71,40.0,11.5,4.0
30007,2019,0,1,0,Small,Construction,Northern & Western,1.85,0.0,11.44,61.96,46.0,5.7,2.0
30007,2022,1,1,1,Small,Construction,Northern & Western,1.97,0.0,13.68,64.85,40.3,17.9,3.0
30008,2019,0,0,0,Large,Business Services,Northern & Western,2.43,0.0,14.36,61.27,45.6,17.7,2.0
30008,2022,1,0,0,Large,Business Services,Northern & Western,2.37,1.0,13.93,68.31,41.9,15.4,2.0
30009,2019,0,0,0,Medium,Business Services,Eastern & Midlands,2.55,0.0,15.07,64.87,37.1,7.8,4.0
30009,2022,1,0,0,Medium,Business Services,Eastern & Midlands,2.33,0.0,13.85,64.86,45.9,6.0,4.0
30010,2019,0,0,0,Medium,Business Services,Northern & Western,2.65,0.0,15.24,65.5,47.3,9.8,2.0
30010,2022,1,0,0,Medium,Business Services,Northern & Western,1.9,1.0,14.86,63.62,46.4,6.2,4.0
30011,2019,0,0,0,Small,Production,Southern,2.53,1.0,13.57,62.88,48.4,10.1,2.0
30011,2022,1,0,0,Small,Production,Southern,2.41,1.0,14.19,61.61,42.8,9.1,1.0
30012,2019,0,1,0,Large,Retail,Southern,2.09,0.0,16.56,62.44,42.8,14.3,2.0
30012,2022,1,1,1,Large,Retail,Southern,1.86,0.0,11.53,70.17,48.6,10.1,3.0
30013,2019,0,0,0,Medium,Business Services,Eastern & Midlands,2.24,0.0,16.82,65.76,46.6,5.0,3.0
30013,2022,1,0,0,Medium,Business Services,Eastern & Midlands,1.87,0.0,13.4,60.59,40.0,6.8,2.0
30014,2019,0,0,0,Small,Retail,Eastern & Midlands,2.39,0.0,14.47,59.79,48.4,9.5,4.0
30014,2022,1,0,0,Small,Retail,Eastern & Midlands,2.15,1.0,18.62,61.01,50.8,14.9,3.0
30015,2019,0,0,0,Small,Retail,Eastern & Midlands,2.21,0.0,12.94,64.67,41.9,8.5,4.0
30015,2022,1,0,0,Small,Retail,Eastern & Midlands,2.35,1.0,13.25,59.48,49.0,13.1,2.0
30016,2019,0,1,0,Small,Construction,Southern,2.23,0.0,15.27,70.07,49.7,7.5,4.0
30016,2022,1,1,1,Small,Construction,Southern,1.85,0.0,12.09,70.75,44.1,7.6,2.0
30017,2019,0,0,0,Small,Production,Northern & Western,2.67,0.0,12.1,61.45,46.1,10.0,2.0
30017,2022,1,0,0,Small,Production,Northern & Western,2.76,0.0,13.02,66.13,48.4,15.5,2.0
30018,2019,0,1,0,Medium,Business Services,Southern,2.47,0.0,14.61,65.46,47.5,13.2,3.0
30018,2022,1,1,1,Medium,Business Services,Southern,2.15,0.0,10.67,67.94,41.6,11.5,3.0
30019,2019,0,0,0,Small,Construction,Northern & Western,2.41,0.0,16.56,65.45,37.6,10.1,2.0
30019,2022,1,0,0,Small,Construction,Northern & Western,2.43,0.0,16.99,63.64,46.3,8.8,3.0
30020,2019,0,0,0,Small,Construction,Southern,2.37,0.0,14.56,63.53,47.0,9.4,3.0
30020,2022,1,0,0,Small,Construction,Southern,2.28,0.0,10.38,65.9,42.6,10.4,4.0
30021,2019,0,1,0,Medium,Business Services,Northern & Western,2.23,0.0,14.75,62.61,34.8,12.2,2.0
30021,2022,1,1,1,Medium,Business Services,Northern & Western,2.12,0.0,8.54,66.97,39.9,12.1,1.0
30022,2019,0,1,0,Small,Retail,Southern,2.74,0.0,16.62,64.95,44.5,15.5,2.0
30022,2022,1,1,1,Small,Retail,Southern,1.48,1.0,10.91,68.23,41.4,8.0,1.0
30023,2019,0,0,0,Small,Construction,Eastern & Midlands,2.02,1.0,16.89,64.52,44.9,10.8,3.0
30023,2022,1,0,0,Small,Construction,Eastern & Midlands,2.33,1.0,14.92,64.82,40.3,11.0,1.0
30024,2019,0,1,0,Small,Retail,Southern,2.46,1.0,15.42,59.91,44.8,11.1,2.0
30024,2022,1,1,1,Small,Retail,Southern,1.57,0.0,9.52,67.46,49.2,8.0,2.0
30025,2019,0,0,0,Small,Production,Northern & Western,2.32,0.0,13.95,61.64,32.9,5.2,3.0
30025,2022,1,0,0,Small,Production,Northern & Western,2.63,1.0,12.07,62.86,45.0,6.5,3.0
30026,2019,0,0,0,Medium,Retail,Southern,2.56,0.0,17.56,63.63,34.8,9.3,1.0
30026,2022,1,0,0,Medium,Retail,Southern,2.2,0.0,12.0,62.16,54.0,11.9,3.0
30027,2019,0,0,0,Small,Production,Southern,2.25,0.0,13.11,67.2,49.6,10.2,3.0
30027,2022,1,0,0,Small,Production,Southern,2.21,1.0,15.79,64.91,50.2,8.4,1.0
30028,2019,0,1,0,Medium,Retail,Southern,2.43,1.0,15.9,69.23,41.6,15.2,1.0
30028,2022,1,1,1,Medium,Retail,Southern,1.86,1.0,9.7,66.05,39.8,8.4,3.0
30029,2019,0,0,0,Medium,Construction,Eastern & Midlands,2.39,0.0,18.28,60.2,48.8,6.6,3.0
30029,2022,1,0,0,Medium,Construction,Eastern & Midlands,2.57,0.0,16.18,62.67,49.7,12.6,2.0
30030,2019,0,0,0,Small,Construction,Southern,2.03,1.0,11.07,58.31,55.0,9.7,4.0
30030,2022,1,0,0,Small,Construction,Southern,2.93,1.0,10.73,61.28,49.0,10.5,2.0
30031,2019,0,0,0,Medium,Production,Eastern & Midlands,2.84,0.0,16.76,64.2,41.6,11.0,2.0
30031,2022,1,0,0,Medium,Production,Eastern & Midlands,2.31,0.0,13.69,66.19,33.8,10.7,3.0
30032,2019,0,0,0,Small,Business Services,Eastern & Midlands,2.29,1.0,11.76,65.42,38.8,13.3,1.0
30032,2022,1,0,0,Small,Business Services,Eastern & Midlands,2.19,1.0,10.89,62.18,34.5,10.8,3.0
30033,2019,0,0,0,Small,Production,Southern,1.93,0.0,13.14,60.48,47.6,12.5,2.0
30033,2022,1,0,0,Small,Production,Southern,2.77,1.0,14.73,66.9,43.5,11.1,1.0
30034,2019,0,0,0,Large,Production,Southern,2.38,0.0,13.93,62.61,39.8,9.4,3.0
30034,2022,1,0,0,Large,Production,Southern,2.53,0.0,14.28,64.36,44.3,13.3,3.0
30035,2019,0,0,0,Large,Retail,Southern,3.03,0.0,13.72,60.18,48.2,10.8,2.0
30035,2022,1,0,0,Large,Retail,Southern,2.2,1.0,15.09,60.25,44.8,16.0,3.0
30036,2019,0,0,0,Medium,Retail,Northern & Western,2.46,0.0,16.1,63.59,47.2,6.8,3.0
30036,2022,1,0,0,Medium,Retail,Northern & Western,2.6,0.0,12.46,63.89,50.0,9.2,3.0
30037,2019,0,0,0,Small,Production,Southern,2.88,1.0,14.91,57.95,40.3,13.1,3.0
30037,2022,1,0,0,Small,Production,Southern,2.57,1.0,16.58,62.22,45.6,6.9,1.0
30038,2019,0,0,0,Small,Construction,Eastern & Midlands,2.07,0.0,11.12,60.34,52.8,5.3,2.0
30038,2022,1,0,0,Small,Construction,Eastern & Midlands,2.31,0.0,14.34,60.9,50.4,14.6,2.0
30039,2019,0,0,0,Medium,Retail,Southern,2.69,0.0,13.35,61.64,44.9,6.5,2.0
30039,2022,1,0,0,Medium,Retail,Southern,1.94,0.0,18.66,65.18,48.4,11.7,3.0
30040,2019,0,0,0,Small,Business Services,Northern & Western,2.63,0.0,14.56,62.43,47.8,9.9,2.0
30040,2022,1,0,0,Small,Business Services,Northern & Western,2.11,0.0,15.94,61.15,35.4,11.2,3.0
30041,2019,0,1,0,Small,Retail,Southern,2.1,0.0,15.88,62.6,44.2,7.1,3.0
30041,2022,1,1,1,Small,Retail,Southern,1.97,0.0,11.32,64.69,44.9,11.7,3.0
30042,2019,0,0,0,Small,Retail,Northern & Western,2.23,0.0,14.13,63.37,47.7,10.1,2.0
30042,2022,1,0,0,Small,Retail,Northern & Western,2.41,0.0,11.19,68.25,38.8,7.9,3.0
30043,2019,0,1,0,Small,Business Services,Northern & Western,2.64,0.0,12.88,60.98,46.4,7.5,3.0
30043,2022,1,1,1,Small,Business Services,Northern & Western,2.44,0.0,12.27,68.74,51.1,14.9,3.0
30044,2019,0,0,0,Large,Production,Southern,2.23,0.0,11.26,63.94,45.0,11.2,2.0
30044,2022,1,0,0,Large,Production,Southern,2.17,0.0,15.95,66.31,46.5,8.4,3.0
30045,2019,0,0,0,Small,Business Services,Eastern & Midlands,2.29,0.0,13.59,59.7,41.4,8.2,3.0
30045,2022,1,0,0,Small,Business Services,Eastern & Midlands,2.34,0.0,12.76,65.1,50.2,10.3,3.0
30046,2019,0,1,0,Medium,Production,Northern & Western,1.8,0.0,14.75,65.08,54.7,9.2,1.0
30046,2022,1,1,1,Medium,Production,Northern & Western,2.32,0.0,9.02,69.39,44.4,7.3,3.0
30047,2019,0,0,0,Small,Production,Southern,2.79,1.0,11.57,59.72,43.4,13.6,3.0
30047,2022,1,0,0,Small,Production,Southern,2.44,0.0,14.38,62.07,45.7,9.5,3.0
30048,2019,0,1,0,Medium,Production,Southern,2.08,0.0,12.22,57.49,47.5,6.7,3.0
30048,2022,1,1,1,Medium,Production,Southern,1.15,1.0,10.99,70.02,43.1,11.4,4.0
30049,2019,0,0,0,Medium,Business Services,Eastern & Midlands,2.42,0.0,13.8,64.71,48.0,8.5,2.0
30049,2022,1,0,0,Medium,Business Services,Eastern & Midlands,2.33,0.0,11.93,66.94,45.3,10.5,3.0
30050,2019,0,1,0,Small,Production,Northern & Western,2.39,0.0,15.64,61.05,47.6,2.4,1.0
30050,2022,1,1,1,Small,Production,Northern & Western,1.82,0.0,12.02,67.66,45.3,4.1,2.0
30051,2019,0,1,0,Large,Construction,Northern & Western,2.48,0.0,12.41,67.59,51.1,9.4,1.0
30051,2022,1,1,1,Large,Construction,Northern & Western,2.25,1.0,11.3,66.49,42.2,8.8,1.0
30052,2019,0,0,0,Medium,Business Services,Southern,2.22,0.0,13.4,63.05,41.4,5.4,3.0
30052,2022,1,0,0,Medium,Business Services,Southern,2.67,0.0,11.91,62.37,44.4,13.0,2.0
30053,2019,0,0,0,Large,Construction,Southern,2.05,1.0,10.4,65.64,48.8,9.9,2.0
30053,2022,1,0,0,Large,Construction,Southern,2.35,0.0,15.73,60.61,45.5,6.6,2.0
30054,2019,0,1,0,Large,Production,Eastern & Midlands,2.4,0.0,15.16,57.12,55.3,6.4,2.0
30054,2022,1,1,1,Large,Production,Eastern & Midlands,1.79,0.0,6.39,66.17,52.4,9.4,4.0
30055,2019,0,0,0,Medium,Retail,Eastern & Midlands,2.74,0.0,11.76,65.03,42.6,16.5,3.0
30055,2022,1,0,0,Medium,Retail,Eastern & Midlands,2.22,1.0,16.6,67.68,45.2,7.7,2.0
30056,2019,0,0,0,Large,Production,Northern & Western,2.43,0.0,17.44,61.9,45.9,6.0,2.0
30056,2022,1,0,0,Large,Production,Northern & Western,2.11,1.0,11.91,64.61,50.9,12.2,2.0
30057,2019,0,1,0,Small,Construction,Northern & Western,2.58,0.0,16.62,62.03,43.7,14.0,3.0
30057,2022,1,1,1,Small,Construction,Northern & Western,1.97,1.0,9.71,70.28,52.3,15.4,3.0
30058,2019,0,1,0,Small,Construction,Southern,2.56,0.0,16.15,64.67,43.9,8.2,2.0
30058,2022,1,1,1,Small,Construction,Southern,1.42,0.0,12.16,67.94,43.9,9.2,4.0
30059,2019,0,1,0,Small,Business Services,Northern & Western,2.0,1.0,15.83,62.5,46.4,9.3,3.0
30059,2022,1,1,1,Small,Business Services,Northern & Western,2.28,0.0,12.33,71.02,46.6,10.1,4.0
30060,2019,0,0,0,Small,Retail,Eastern & Midlands,2.52,1.0,12.7,63.09,37.5,11.5,3.0
30060,2022,1,0,0,Small,Retail,Eastern & Midlands,2.62,0.0,10.2,63.24,54.1,11.9,4.0
30061,2019,0,1,0,Small,Business Services,Eastern & Midlands,2.79,0.0,15.35,62.25,44.9,12.5,4.0
30061,2022,1,1,1,Small,Business Services,Eastern & Midlands,1.52,0.0,13.58,66.23,53.3,11.2,3.0
30062,2019,0,0,0,Small,Construction,Southern,2.25,1.0,11.78,62.6,45.1,7.6,4.0
30062,2022,1,0,0,Small,Construction,Southern,2.59,0.0,12.23,61.69,48.6,8.9,4.0
30063,2019,0,0,0,Medium,Production,Eastern & Midlands,2.15,0.0,9.81,63.67,49.7,5.7,3.0
30063,2022,1,0,0,Medium,Production,Eastern & Midlands,1.87,0.0,10.95,66.79,42.2,17.7,3.0
30064,2019,0,0,0,Small,Retail,Eastern & Midlands,2.44,0.0,12.62,69.18,51.0,13.1,2.0
30064,2022,1,0,0,Small,Retail,Eastern & Midlands,2.58,1.0,12.36,62.99,44.1,8.6,3.0
30065,2019,0,0,0,Small,Production,Eastern & Midlands,2.68,0.0,15.36,59.57,44.0,7.8,1.0
30065,2022,1,0,0,Small,Production,Eastern & Midlands,1.84,0.0,17.03,64.89,39.9,15.6,3.0
30066,2019,0,0,0,Medium,Production,Eastern & Midlands,2.3,0.0,14.52,61.88,50.4,15.7,2.0
30066,2022,1,0,0,Medium,Production,Eastern & Midlands,2.86,0.0,14.28,57.69,46.6,9.6,2.0
30067,2019,0,0,0,Small,Retail,Southern,2.71,1.0,13.61,64.54,42.3,6.5,1.0
30067,2022,1,0,0,Small,Retail,Southern,1.54,0.0,13.94,68.32,53.3,8.6,3.0
30068,2019,0,0,0,Medium,Business Services,Southern,2.51,0.0,11.8,65.3,51.1,9.7,2.0
30068,2022,1,0,0,Medium,Business Services,Southern,2.34,0.0,13.55,64.1,49.6,7.6,2.0
30069,2019,0,0,0,Small,Production,Northern & Western,2.24,0.0,13.97,55.73,49.4,12.2,1.0
30069,2022,1,0,0,Small,Production,Northern & Western,2.32,0.0,14.13,64.55,37.2,8.4,3.0
30070,2019,0,0,0,Large,Construction,Eastern & Midlands,2.07,0.0,15.13,64.4,44.8,5.2,1.0
30070,2022,1,0,0,Large,Construction,Eastern & Midlands,2.75,0.0,12.53,60.57,46.0,13.4,3.0
30071,2019,0,1,0,Medium,Production,Northern & Western,2.31,0.0,14.3,60.52,45.4,6.8,2.0
30071,2022,1,1,1,Medium,Production,Northern & Western,0.92,0.0,11.87,70.21,53.8,6.9,3.0
30072,2019,0,0,0,Small,Retail,Southern,2.41,1.0,12.54,61.06,44.7,8.1,2.0
30072,2022,1,0,0,Small,Retail,Southern,2.58,0.0,16.32,60.69,37.8,10.3,4.0
30073,2019,0,0,0,Small,Retail,Southern,2.31,1.0,10.87,62.82,41.3,10.3,2.0
30073,2022,1,0,0,Small,Retail,Southern,2.66,0.0,16.08,64.52,51.5,8.3,4.0
30074,2019,0,0,0,Medium,Retail,Southern,2.43,0.0,11.12,64.09,51.8,13.6,2.0
30074,2022,1,0,0,Medium,Retail,Southern,2.56,1.0,11.56,63.35,49.9,12.0,2.0
30075,2019,0,0,0,Medium,Business Services,Southern,2.3,0.0,13.19,63.89,48.8,9.4,3.0
30075,2022,1,0,0,Medium,Business Services,Southern,2.05,0.0,14.38,63.72,47.6,10.0,2.0
30076,2019,0,0,0,Medium,Production,Southern,2.08,1.0,14.86,59.43,43.7,10.1,3.0
30076,2022,1,0,0,Medium,Production,Southern,2.32,0.0,12.39,64.79,46.4,10.9,3.0
30077,2019,0,0,0,Medium,Business Services,Southern,2.1,0.0,16.28,62.5,51.5,9.7,3.0
30077,2022,1,0,0,Medium,Business Services,Southern,1.73,0.0,15.09,60.48,42.2,8.8,2.0
30078,2019,0,0,0,Small,Business Services,Southern,2.88,0.0,13.36,58.44,51.2,9.7,4.0
30078,2022,1,0,0,Small,Business Services,Southern,2.77,0.0,14.74,60.63,51.0,6.6,1.0
30079,2019,0,0,0,Small,Retail,Eastern & Midlands,2.48,0.0,13.48,61.47,48.9,14.1,3.0
30079,2022,1,0,0,Small,Retail,Eastern & Midlands,2.7,0.0,16.06,59.05,48.6,12.0,3.0
30080,2019,0,1,0,Small,Retail,Northern & Western,2.52,0.0,13.52,60.1,45.8,4.9,4.0
30080,2022,1,1,1,Small,Retail,Northern & Western,1.12,0.0,11.51,67.31,42.3,9.7,3.0
30081,2019,0,1,0,Large,Business Services,Southern,2.33,1.0,14.84,64.54,43.7,12.2,1.0
30081,2022,1,1,1,Large,Business Services,Southern,1.98,0.0,9.13,70.76,48.3,8.8,1.0
30082,2019,0,1,0,Medium,Production,Eastern & Midlands,2.51,0.0,17.68,57.34,43.5,5.2,2.0
30082,2022,1,1,1,Medium,Production,Eastern & Midlands,2.03,0.0,11.86,70.2,44.5,9.5,3.0
30083,2019,0,0,0,Small,Construction,Eastern & Midlands,2.42,1.0,13.07,63.21,50.8,7.2,1.0
30083,2022,1,0,0,Small,Construction,Eastern & Midlands,2.47,1.0,15.95,64.5,45.9,13.0,3.0
30084,2019,0,0,0,Small,Business Services,Northern & Western,1.86,0.0,12.62,64.53,51.9,9.6,3.0
30084,2022,1,0,0,Small,Business Services,Northern & Western,2.69,0.0,17.28,65.23,45.4,5.2,1.0
30085,2019,0,1,0,Small,Production,Southern,2.32,0.0,9.19,63.37,47.8,10.1,3.0
30085,2022,1,1,1,Small,Production,Southern,2.31,0.0,9.52,63.54,43.9,3.8,2.0
30086,2019,0,0,0,Small,Retail,Northern & Western,1.95,0.0,15.52,62.39,45.0,13.3,3.0
30086,2022,1,0,0,Small,Retail,Northern & Western,2.23,0.0,14.75,62.46,41.1,9.4,3.0
30087,2019,0,1,0,Medium,Retail,Southern,2.3,0.0,12.41,62.94,50.4,8.8,2.0
30087,2022,1,1,1,Medium,Retail,Southern,1.6,0.0,12.66,66.96,37.1,12.7,3.0
30088,2019,0,0,0,Medium,Production,Eastern & Midlands,2.44,0.0,12.77,62.19,40.5,3.5,1.0
30088,2022,1,0,0,Medium,Production,Eastern & Midlands,2.18,0.0,13.74,63.23,43.9,8.0,4.0
30089,2019,0,0,0,Large,Construction,Eastern & Midlands,2.77,0.0,16.31,62.7,45.1,12.1,3.0
30089,2022,1,0,0,Large,Construction,Eastern & Midlands,2.47,1.0,12.78,64.08,39.3,10.3,1.0
30090,2019,0,0,0,Small,Retail,Eastern & Midlands,1.89,0.0,12.71,61.35,45.5,10.5,2.0
30090,2022,1,0,0,Small,Retail,Eastern & Midlands,2.09,0.0,15.94,64.28,41.8,15.3,3.0
30091,2019,0,1,0,Small,Retail,Eastern & Midlands,2.12,1.0,11.81,67.18,43.7,10.9,4.0
30091,2022,1,1,1,Small,Retail,Eastern & Midlands,1.88,0.0,12.59,62.25,52.9,12.3,3.0
30092,2019,0,1,0,Medium,Retail,Northern & Western,2.07,0.0,13.18,60.11,42.8,10.1,3.0
30092,2022,1,1,1,Medium,Retail,Northern & Western,1.75,0.0,10.7,65.36,49.8,14.8,2.0
30093,2019,0,0,0,Medium,Production,Southern,2.97,0.0,13.08,61.58,44.9,11.6,2.0
30093,2022,1,0,0,Medium,Production,Southern,2.4,0.0,13.82,61.89,43.7,14.8,2.0
30094,2019,0,0,0,Medium,Business Services,Southern,2.37,1.0,14.46,66.52,46.8,9.7,2.0
30094,2022,1,0,0,Medium,Business Services,Southern,2.53,0.0,11.61,63.43,53.7,16.7,3.0
30095,2019,0,0,0,Medium,Retail,Northern & Western,2.33,0.0,16.46,60.64,41.9,9.5,2.0
30095,2022,1,0,0,Medium,Retail,Northern & Western,2.26,1.0,10.04,65.24,39.6,10.7,2.0
30096,2019,0,1,0,Small,Business Services,Southern,2.34,0.0,18.67,66.3,54.8,6.3,2.0
30096,2022,1,1,1,Small,Business Services,Southern,1.95,0.0,16.29,62.99,46.3,15.3,4.0
30097,2019,0,0,0,Medium,Construction,Eastern & Midlands,2.49,0.0,13.22,61.0,49.4,9.6,4.0
30097,2022,1,0,0,Medium,Construction,Eastern & Midlands,2.05,0.0,14.51,66.14,37.8,7.5,2.0
30098,2019,0,1,0,Small,Retail,Southern,2.22,0.0,16.75,71.15,43.7,13.6,3.0
30098,2022,1,1,1,Small,Retail,Southern,1.7,1.0,13.33,66.89,48.0,1.2,3.0
30099,2019,0,1,0,Small,Retail,Eastern & Midlands,2.99,0.0,13.52,60.68,47.0,7.1,3.0
30099,2022,1,1,1,Small,Retail,Eastern & Midlands,1.39,0.0,12.91,69.04,47.6,12.1,1.0
30100,2019,0,0,0,Small,Construction,Northern & Western,2.64,0.0,15.51,64.75,47.2,7.7,2.0
30100,2022,1,0,0,Small,Construction,Northern & Western,2.46,0.0,10.72,58.1,44.0,8.4,1.0
30101,2019,0,0,0,Small,Retail,Southern,1.83,0.0,14.43,67.37,45.0,9.5,1.0
30101,2022,1,0,0,Small,Retail,Southern,2.42,0.0,12.0,60.71,49.4,8.1,4.0
30102,2019,0,1,0,Medium,Business Services,Northern & Western,2.65,0.0,13.61,58.38,44.3,10.2,3.0
30102,2022,1,1,1,Medium,Business Services,Northern & Western,1.81,1.0,9.29,68.51,29.9,10.6,3.0
30103,2019,0,1,0,Small,Production,Southern,2.21,0.0,14.38,65.42,40.1,11.4,3.0
30103,2022,1,1,1,Small,Production,Southern,1.95,0.0,11.78,65.97,35.8,9.9,1.0
30104,2019,0,0,0,Medium,Business Services,Eastern & Midlands,2.24,0.0,14.3,61.12,45.1,12.9,1.0
30104,2022,1,0,0,Medium,Business Services,Eastern & Midlands,2.09,1.0,12.28,66.38,43.6,7.7,2.0
30105,2019,0,0,0,Large,Production,Northern & Western,2.26,1.0,15.75,62.52,49.7,9.3,4.0
30105,2022,1,0,0,Large,Production,Northern & Western,2.63,0.0,13.87,68.95,52.8,6.0,3.0
30106,2019,0,0,0,Small,Production,Southern,2.69,1.0,16.47,59.83,50.3,10.6,3.0
30106,2022,1,0,0,Small,Production,Southern,2.31,0.0,14.82,62.63,30.8,10.1,2.0
30107,2019,0,1,0,Small,Business Services,Eastern & Midlands,2.23,0.0,11.56,66.71,43.4,8.8,3.0
30107,2022,1,1,1,Small,Business Services,Eastern & Midlands,1.94,0.0,10.45,68.6,37.2,12.5,1.0
30108,2019,0,1,0,Medium,Business Services,Northern & Western,2.78,0.0,15.62,59.43,53.2,7.3,4.0
30108,2022,1,1,1,Medium,Business Services,Northern & Western,1.99,0.0,9.91,67.01,36.3,10.4,3.0
30109,2019,0,0,0,Small,Business Services,Northern & Western,2.33,0.0,12.01,65.34,33.0,9.8,2.0
30109,2022,1,0,0,Small,Business Services,Northern & Western,2.4,1.0,18.04,63.65,50.3,7.8,3.0
30110,2019,0,1,0,Small,Business Services,Southern,2.53,0.0,14.04,62.29,46.0,12.9,3.0
30110,2022,1,1,1,Small,Business Services,Southern,1.58,1.0,12.98,63.45,45.9,10.7,3.0
30111,2019,0,0,0,Small,Construction,Southern,1.72,0.0,12.13,62.69,36.8,9.5,1.0
30111,2022,1,0,0,Small,Construction,Southern,2.9,1.0,14.04,63.69,38.7,8.2,2.0
30112,2019,0,0,0,Small,Retail,Southern,2.5,1.0,12.01,59.67,46.2,11.5,2.0
30112,2022,1,0,0,Small,Retail,Southern,2.74,0.0,12.38,59.23,43.8,11.4,2.0
30113,2019,0,0,0,Large,Production,Eastern & Midlands,2.5,0.0,15.24,60.49,55.4,5.2,3.0
30113,2022,1,0,0,Large,Production,Eastern & Midlands,2.46,0.0,13.62,61.93,44.1,14.1,3.0
30114,2019,0,1,0,Medium,Business Services,Southern,2.23,0.0,13.83,58.73,43.7,8.7,4.0
30114,2022,1,1,1,Medium,Business Services,Southern,1.98,0.0,7.8,68.89,41.4,10.5,3.0
30115,2019,0,1,0,Medium,Business Services,Northern & Western,2.53,0.0,14.04,62.75,38.8,7.1,3.0
30115,2022,1,1,1,Medium,Business Services,Northern & Western,2.05,0.0,11.46,63.89,43.4,10.0,1.0
30116,2019,0,1,0,Large,Business Services,Northern & Western,2.59,0.0,13.59,59.25,48.0,12.6,3.0
30116,2022,1,1,1,Large,Business Services,Northern & Western,1.66,0.0,10.13,67.3,41.0,11.0,2.0
30117,2019,0,0,0,Medium,Construction,Southern,2.62,1.0,13.64,58.97,37.0,10.7,4.0
30117,2022,1,0,0,Medium,Construction,Southern,2.45,0.0,16.38,61.22,47.0,5.3,2.0
30118,2019,0,0,0,Small,Business Services,Southern,2.04,0.0,15.46,58.42,45.2,10.6,2.0
30118,2022,1,0,0,Small,Business Services,Southern,2.34,1.0,10.92,68.95,47.7,17.9,3.0
30119,2019,0,0,0,Large,Business Services,Northern & Western,2.13,1.0,11.34,67.23,43.0,8.9,2.0
30119,2022,1,0,0,Large,Business Services,Northern & Western,1.36,0.0,12.9,59.92,43.2,11.3,1.0
30120,2019,0,0,0,Medium,Business Services,Eastern & Midlands,1.62,1.0,14.4,61.56,49.8,13.1,3.0
30120,2022,1,0,0,Medium,Business Services,Eastern & Midlands,2.62,0.0,14.22,66.16,42.1,5.0,1.0
30121,2019,0,1,0,Medium,Retail,Southern,2.5,0.0,13.03,65.07,32.2,7.8,2.0
30121,2022,1,1,1,Medium,Retail,Southern,1.49,0.0,13.43,69.96,36.4,8.0,2.0
30122,2019,0,1,0,Large,Construction,Southern,2.66,0.0,15.16,65.35,43.7,8.2,3.0
30122,2022,1,1,1,Large,Construction,Southern,2.23,0.0,11.17,65.08,47.4,8.3,3.0
30123,2019,0,0,0,Small,Business Services,Northern & Western,2.6,0.0,10.99,65.91,49.0,10.1,3.0
30123,2022,1,0,0,Small,Business Services,Northern & Western,2.11,0.0,16.16,65.99,49.1,9.8,3.0
30124,2019,0,1,0,Small,Production,Southern,2.6,0.0,14.84,61.39,47.7,6.1,4.0
30124,2022,1,1,1,Small,Production,Southern,1.43,0.0,13.12,70.31,45.0,12.0,2.0
30125,2019,0,0,0,Small,Production,Eastern & Midlands,2.54,0.0,12.93,62.12,44.6,5.4,3.0
30125,2022,1,0,0,Small,Production,Eastern & Midlands,2.29,1.0,15.0,63.15,45.0,8.0,3.0
30126,2019,0,0,0,Small,Production,Northern & Western,2.33,1.0,14.54,56.54,50.5,8.6,2.0
30126,2022,1,0,0,Small,Production,Northern & Western,2.14,1.0,16.12,64.85,48.4,5.9,3.0
30127,2019,0,1,0,Medium,Construction,Southern,2.42,0.0,12.72,59.91,38.2,5.4,3.0
30127,2022,1,1,1,Medium,Construction,Southern,2.13,0.0,9.93,62.38,42.8,9.5,2.0
30128,2019,0,1,0,Large,Construction,Northern & Western,2.45,0.0,15.0,59.44,47.6,14.6,1.0
30128,2022,1,1,1,Large,Construction,Northern & Western,1.65,1.0,9.99,62.49,45.2,7.7,2.0
30129,2019,0,0,0,Small,Production,Southern,2.85,0.0,12.77,57.46,40.4,5.5,2.0
30129,2022,1,0,0,Small,Production,Southern,2.2,0.0,12.16,59.99,46.0,10.2,3.0
30130,2019,0,0,0,Medium,Business Services,Southern,2.37,0.0,14.37,68.02,51.7,6.1,1.0
30130,2022,1,0,0,Medium,Business Services,Southern,2.65,1.0,15.62,59.56,49.1,14.6,2.0
30131,2019,0,0,0,Small,Construction,Southern,2.6,1.0,10.93,64.65,46.7,11.2,3.0
30131,2022,1,0,0,Small,Construction,Southern,2.0,0.0,13.54,62.87,37.3,11.5,2.0
30132,2019,0,0,0,Small,Production,Eastern & Midlands,2.37,1.0,14.99,64.69,39.9,9.9,1.0
30132,2022,1,0,0,Small,Production,Eastern & Midlands,2.35,0.0,13.74,65.48,42.8,5.2,3.0
30133,2019,0,0,0,Small,Production,Eastern & Midlands,2.4,0.0,13.83,59.12,48.4,8.5,2.0
30133,2022,1,0,0,Small,Production,Eastern & Midlands,2.48,1.0,12.43,60.93,40.4,7.5,1.0
30134,2019,0,0,0,Small,Business Services,Northern & Western,2.91,0.0,13.4,61.26,46.2,11.5,4.0
30134,2022,1,0,0,Small,Business Services,Northern & Western,2.54,0.0,14.96,59.29,49.3,12.7,3.0
30135,2019,0,1,0,Large,Retail,Southern,2.34,1.0,12.76,66.22,56.8,7.6,4.0
30135,2022,1,1,1,Large,Retail,Southern,1.39,0.0,10.54,71.86,49.2,6.9,2.0
30136,2019,0,0,0,Small,Construction,Southern,3.0,1.0,12.47,61.56,36.1,7.9,2.0
30136,2022,1,0,0,Small,Construction,Southern,2.4,1.0,14.5,61.87,53.7,6.9,2.0
30137,2019,0,0,0,Medium,Business Services,Eastern & Midlands,2.32,0.0,13.44,64.63,39.8,10.4,3.0
30137,2022,1,0,0,Medium,Business Services,Eastern & Midlands,2.45,0.0,11.98,59.65,45.5,5.0,3.0
30138,2019,0,0,0,Medium,Production,Southern,1.99,1.0,11.36,61.0,50.0,6.6,3.0
30138,2022,1,0,0,Medium,Production,Southern,1.99,1.0,16.13,56.58,38.0,10.0,4.0
30139,2019,0,0,0,Small,Production,Eastern & Midlands,2.68,1.0,14.97,61.83,53.0,6.7,3.0
30139,2022,1,0,0,Small,Production,Eastern & Midlands,2.51,0.0,11.93,65.23,45.6,15.2,2.0
30140,2019,0,0,0,Large,Business Services,Southern,2.19,0.0,11.48,63.32,37.4,5.7,1.0
30140,2022,1,0,0,Large,Business Services,Southern,2.58,0.0,12.53,60.9,45.6,11.3,3.0
30141,2019,0,1,0,Large,Construction,Northern & Western,1.92,0.0,10.24,66.26,50.3,10.0,2.0
30141,2022,1,1,1,Large,Construction,Northern & Western,1.41,0.0,12.1,74.16,40.4,10.8,2.0
30142,2019,0,0,0,Small,Retail,Southern,2.53,0.0,12.39,65.58,43.8,10.1,2.0
30142,2022,1,0,0,Small,Retail,Southern,1.97,0.0,19.24,59.66,52.3,13.0,2.0
30143,2019,0,0,0,Small,Retail,Southern,2.77,1.0,14.26,62.84,51.1,13.3,2.0
30143,2022,1,0,0,Small,Retail,Southern,2.21,0.0,12.4,62.81,51.2,8.6,4.0
30144,2019,0,0,0,Small,Production,Eastern & Midlands,2.32,0.0,15.88,61.18,46.1,13.6,2.0
30144,2022,1,0,0,Small,Production,Eastern & Midlands,2.25,1.0,10.25,64.86,41.8,6.4,2.0
30145,2019,0,0,0,Small,Construction,Southern,2.34,0.0,12.76,65.69,51.4,12.0,2.0
30145,2022,1,0,0,Small,Construction,Southern,2.06,0.0,15.2,65.01,41.3,10.2,3.0
30146,2019,0,0,0,Small,Retail,Southern,2.82,0.0,14.83,63.25,52.1,11.2,3.0
30146,2022,1,0,0,Small,Retail,Southern,2.14,0.0,13.11,61.56,46.5,11.4,4.0
30147,2019,0,0,0,Medium,Construction,Eastern & Midlands,2.56,0.0,16.88,63.57,49.7,6.9,2.0
30147,2022,1,0,0,Medium,Construction,Eastern & Midlands,2.52,0.0,12.3,61.04,39.6,7.6,2.0
30148,2019,0,0,0,Medium,Construction,Northern & Western,2.66,0.0,13.69,60.28,52.6,11.5,3.0
30148,2022,1,0,0,Medium,Construction,Northern & Western,2.71,0.0,11.82,65.67,45.9,11.7,2.0
30149,2019,0,1,0,Small,Production,Northern & Western,2.15,0.0,12.78,64.39,38.2,12.5,3.0
30149,2022,1,1,1,Small,Production,Northern & Western,1.43,0.0,9.61,69.25,40.3,14.3,2.0
30150,2019,0,0,0,Small,Retail,Eastern & Midlands,2.5,0.0,10.87,59.29,50.8,12.0,4.0
30150,2022,1,0,0,Small,Retail,Eastern & Midlands,2.31,1.0,13.06,64.93,41.5,10.4,1.0
30151,2019,0,0,0,Large,Business Services,Eastern & Midlands,2.63,1.0,15.22,62.71,42.5,13.6,3.0
30151,2022,1,0,0,Large,Business Services,Eastern & Midlands,2.22,0.0,11.6,65.08,51.7,11.9,1.0
30152,2019,0,0,0,Small,Production,Eastern & Midlands,2.52,0.0,16.18,65.9,46.7,14.9,4.0
30152,2022,1,0,0,Small,Production,Eastern & Midlands,2.93,0.0,17.54,61.52,38.2,8.3,3.0
30153,2019,0,0,0,Small,Retail,Eastern & Midlands,2.51,0.0,9.8,66.36,47.7,12.1,1.0
30153,2022,1,0,0,Small,Retail,Eastern & Midlands,2.88,0.0,16.38,66.51,47.8,9.5,2.0
30154,2019,0,0,0,Small,Retail,Eastern & Midlands,2.99,0.0,14.01,59.06,49.3,11.2,3.0
30154,2022,1,0,0,Small,Retail,Eastern & Midlands,2.09,0.0,13.2,68.46,49.8,11.4,2.0
30155,2019,0,1,0,Large,Retail,Northern & Western,2.87,1.0,15.71,60.06,60.3,6.7,3.0
30155,2022,1,1,1,Large,Retail,Northern & Western,1.71,0.0,11.3,69.8,42.7,9.5,1.0
30156,2019,0,1,0,Small,Retail,Northern & Western,2.16,0.0,13.7,59.61,48.1,11.9,2.0
30156,2022,1,1,1,Small,Retail,Northern & Western,1.56,1.0,11.51,69.96,51.0,9.6,1.0
30157,2019,0,0,0,Medium,Retail,Eastern & Midlands,2.25,1.0,13.61,64.03,46.5,8.0,2.0
30157,2022,1,0,0,Medium,Retail,Eastern & Midlands,2.35,0.0,10.54,62.31,36.5,8.6,3.0
30158,2019,0,1,0,Medium,Construction,Southern,2.04,0.0,11.92,61.86,42.1,14.1,1.0
30158,2022,1,1,1,Medium,Construction,Southern,1.46,0.0,10.24,68.5,44.8,7.5,2.0
30159,2019,0,0,0,Small,Production,Eastern & Midlands,2.81,0.0,14.56,63.55,58.5,11.0,2.0
30159,2022,1,0,0,Small,Production,Eastern & Midlands,2.1,0.0,13.84,60.5,49.6,8.4,1.0
30160,2019,0,1,0,Medium,Construction,Southern,2.04,0.0,9.36,68.5,49.1,11.4,2.0
30160,2022,1,1,1,Medium,Construction,Southern,1.91,0.0,10.44,70.04,53.5,9.8,2.0
30161,2019,0,0,0,Small,Business Services,Eastern & Midlands,2.77,0.0,13.88,62.18,50.3,8.4,3.0
30161,2022,1,0,0,Small,Business Services,Eastern & Midlands,1.81,0.0,14.52,59.23,43.2,18.1,3.0
30162,2019,0,0,0,Medium,Retail,Eastern & Midlands,2.49,0.0,10.97,60.32,47.0,6.1,2.0
30162,2022,1,0,0,Medium,Retail,Eastern & Midlands,2.49,0.0,14.88,61.71,46.9,9.4,4.0
30163,2019,0,0,0,Medium,Production,Northern & Western,2.07,0.0,14.44,61.4,51.0,10.3,3.0
30163,2022,1,0,0,Medium,Production,Northern & Western,2.15,1.0,15.04,60.07,41.6,8.0,4.0
30164,2019,0,1,0,Medium,Retail,Southern,2.15,0.0,12.23,63.89,46.9,14.1,2.0
30164,2022,1,1,1,Medium,Retail,Southern,2.01,0.0,9.57,66.71,40.3,8.0,2.0
30165,2019,0,0,0,Small,Production,Southern,2.38,0.0,15.78,61.18,47.3,1.8,3.0
30165,2022,1,0,0,Small,Production,Southern,2.25,1.0,12.95,67.17,43.1,11.1,1.0
30166,2019,0,1,0,Medium,Construction,Northern & Western,2.22,0.0,11.78,65.3,46.1,11.5,1.0
30166,2022,1,1,1,Medium,Construction,Northern & Western,2.98,0.0,6.83,72.67,37.2,9.1,1.0
30167,2019,0,1,0,Small,Production,Northern & Western,2.23,0.0,14.66,60.56,42.3,13.7,2.0
30167,2022,1,1,1,Small,Production,Northern & Western,1.65,0.0,11.65,66.16,48.4,15.5,4.0
30168,2019,0,0,0,Small,Business Services,Northern & Western,2.21,0.0,13.67,63.29,51.5,7.8,2.0
30168,2022,1,0,0,Small,Business Services,Northern & Western,2.62,0.0,14.18,63.76,44.4,10.6,3.0
30169,2019,0,1,0,Small,Business Services,Northern & Western,2.05,1.0,16.29,60.33,49.8,12.6,4.0
30169,2022,1,1,1,Small,Business Services,Northern & Western,2.24,0.0,9.79,66.81,40.9,6.2,3.0
30170,2019,0,1,0,Medium,Production,Southern,2.59,0.0,13.62,59.71,46.5,9.8,3.0
30170,2022,1,1,1,Medium,Production,Southern,1.95,0.0,15.15,66.38,47.3,14.6,4.0
30171,2019,0,0,0,Medium,Production,Southern,2.57,0.0,15.4,60.15,53.7,12.8,4.0
30171,2022,1,0,0,Medium,Production,Southern,2.33,1.0,16.27,59.68,40.9,8.2,2.0
30172,2019,0,0,0,Small,Production,Eastern & Midlands,2.15,1.0,10.23,64.06,42.1,4.5,2.0
30172,2022,1,0,0,Small,Production,Eastern & Midlands,2.48,0.0,11.26,68.96,49.6,10.3,2.0
30173,2019,0,0,0,Medium,Production,Eastern & Midlands,2.66,1.0,16.5,63.79,51.4,12.2,2.0
30173,2022,1,0,0,Medium,Production,Eastern & Midlands,2.49,0.0,13.75,63.28,39.3,17.2,1.0
30174,2019,0,0,0,Small,Business Services,Northern & Western,2.44,0.0,12.64,63.22,43.9,7.1,2.0
30174,2022,1,0,0,Small,Business Services,Northern & Western,2.42,0.0,14.67,62.53,35.5,7.4,1.0
30175,2019,0,1,0,Medium,Retail,Northern & Western,2.44,0.0,13.4,64.67,38.3,11.5,2.0
30175,2022,1,1,1,Medium,Retail,Northern & Western,1.34,0.0,10.81,71.48,50.8,8.4,2.0
30176,2019,0,0,0,Small,Production,Northern & Western,1.94,1.0,8.34,61.33,38.5,11.5,2.0
30176,2022,1,0,0,Small,Production,Northern & Western,2.54,0.0,14.82,62.44,46.7,15.9,1.0
30177,2019,0,0,0,Medium,Production,Eastern & Midlands,1.65,0.0,12.68,63.48,45.3,15.2,1.0
30177,2022,1,0,0,Medium,Production,Eastern & Midlands,2.55,0.0,14.53,60.28,45.9,11.5,1.0
30178,2019,0,0,0,Small,Business Services,Eastern & Midlands,2.61,0.0,9.9,64.21,47.1,5.3,2.0
30178,2022,1,0,0,Small,Business Services,Eastern & Midlands,2.81,0.0,11.86,57.64,50.8,13.9,1.0
30179,2019,0,0,0,Large,Business Services,Eastern & Midlands,2.04,0.0,13.21,59.4,43.5,10.5,2.0
30179,2022,1,0,0,Large,Business Services,Eastern & Midlands,2.71,0.0,14.71,62.23,51.9,14.3,2.0
30180,2019,0,0,0,Small,Construction,Eastern & Midlands,2.46,0.0,17.26,67.88,42.5,9.1,3.0
30180,2022,1,0,0,Small,Construction,Eastern & Midlands,2.48,0.0,13.54,66.49,48.7,9.4,2.0
30181,2019,0,1,0,Small,Production,Eastern & Midlands,2.38,0.0,16.44,65.02,36.2,9.3,2.0
30181,2022,1,1,1,Small,Production,Eastern & Midlands,1.77,0.0,14.02,65.42,50.2,11.8,4.0
30182,2019,0,0,0,Small,Construction,Eastern & Midlands,2.8,0.0,13.05,67.95,50.4,7.8,4.0
30182,2022,1,0,0,Small,Construction,Eastern & Midlands,2.51,0.0,11.41,64.72,47.3,4.4,2.0
30183,2019,0,1,0,Large,Business Services,Eastern & Midlands,2.3,0.0,13.32,64.17,46.3,9.4,1.0
30183,2022,1,1,1,Large,Business Services,Eastern & Midlands,1.57,0.0,13.1,72.47,43.1,8.5,4.0
30184,2019,0,0,0,Large,Business Services,Northern & Western,2.36,0.0,15.48,63.25,42.4,8.9,3.0
30184,2022,1,0,0,Large,Business Services,Northern & Western,2.38,0.0,12.65,66.01,45.5,8.5,2.0
30185,2019,0,0,0,Small,Retail,Northern & Western,2.41,0.0,14.89,59.94,49.7,9.3,3.0
30185,2022,1,0,0,Small,Retail,Northern & Western,2.63,0.0,16.42,62.19,42.0,12.0,2.0
30186,2019,0,1,0,Medium,Production,Northern & Western,2.37,0.0,12.21,65.03,41.1,10.0,2.0
30186,2022,1,1,1,Medium,Production,Northern & Western,1.6,0.0,12.35,60.39,51.6,10.9,3.0
30187,2019,0,1,0,Medium,Construction,Northern & Western,2.35,0.0,13.66,59.54,36.2,8.8,1.0
30187,2022,1,1,1,Medium,Construction,Northern & Western,1.85,0.0,9.11,69.32,47.6,9.0,4.0
30188,2019,0,1,0,Medium,Business Services,Eastern & Midlands,2.1,0.0,12.5,65.28,39.3,11.5,3.0
30188,2022,1,1,1,Medium,Business Services,Eastern & Midlands,2.09,0.0,11.96,65.41,39.0,12.7,1.0
30189,2019,0,1,0,Medium,Business Services,Southern,2.58,0.0,16.23,61.77,48.6,16.8,2.0
30189,2022,1,1,1,Medium,Business Services,Southern,1.61,1.0,12.43,61.85,49.6,11.6,3.0
30190,2019,0,0,0,Small,Construction,Eastern & Midlands,2.11,0.0,12.65,64.76,43.0,8.6,3.0
30190,2022,1,0,0,Small,Construction,Eastern & Midlands,2.67,0.0,17.25,65.75,36.4,15.5,2.0
30191,2019,0,1,0,Small,Retail,Southern,2.18,0.0,15.44,64.86,38.4,7.6,1.0
30191,2022,1,1,1,Small,Retail,Southern,2.01,0.0,13.15,68.48,40.8,13.7,2.0
30192,2019,0,0,0,Large,Business Services,Northern & Western,2.34,0.0,15.07,59.79,54.6,6.2,2.0
30192,2022,1,0,0,Large,Business Services,Northern & Western,2.46,0.0,14.37,65.81,45.1,18.6,1.0
30193,2019,0,1,0,Large,Production,Eastern & Midlands,2.46,0.0,12.4,62.48,48.9,11.3,2.0
30193,2022,1,1,1,Large,Production,Eastern & Midlands,1.58,0.0,12.21,68.39,50.9,13.5,4.0
30194,2019,0,0,0,Medium,Business Services,Northern & Western,2.14,0.0,12.58,66.64,53.7,13.5,3.0
30194,2022,1,0,0,Medium,Business Services,Northern & Western,2.03,0.0,12.48,63.86,52.7,8.0,3.0
30195,2019,0,1,0,Small,Production,Eastern & Midlands,2.13,0.0,16.71,63.07,43.5,11.8,1.0
30195,2022,1,1,1,Small,Production,Eastern & Midlands,2.63,0.0,13.84,62.73,43.3,9.4,2.0
30196,2019,0,0,0,Small,Construction,Northern & Western,2.39,0.0,14.55,66.83,46.7,6.4,2.0
30196,2022,1,0,0,Small,Construction,Northern & Western,2.08,0.0,11.69,66.41,46.7,7.2,1.0
30197,2019,0,0,0,Medium,Production,Southern,2.92,0.0,15.41,64.6,46.8,15.3,3.0
30197,2022,1,0,0,Medium,Production,Southern,2.4,0.0,18.17,59.96,43.2,11.2,1.0
30198,2019,0,0,0,Large,Construction,Southern,3.17,0.0,12.72,63.59,40.5,5.4,3.0
30198,2022,1,0,0,Large,Construction,Southern,2.48,1.0,14.0,61.23,39.5,12.5,2.0
30199,2019,0,1,0,Large,Production,Southern,2.65,1.0,14.48,67.77,47.9,14.2,2.0
30199,2022,1,1,1,Large,Production,Southern,1.4,0.0,12.01,72.89,43.1,9.5,3.0
30200,2019,0,0,0,Medium,Construction,Eastern & Midlands,2.09,0.0,16.46,67.28,42.1,3.2,4.0
30200,2022,1,0,0,Medium,Construction,Eastern & Midlands,2.05,0.0,14.44,60.06,44.6,11.0,1.0
30201,2019,0,0,0,Medium,Production,Southern,2.42,0.0,9.74,56.81,41.6,7.2,4.0
30201,2022,1,0,0,Medium,Production,Southern,2.33,0.0,17.17,59.65,55.0,7.7,1.0
30202,2019,0,0,0,Small,Retail,Eastern & Midlands,2.52,0.0,14.26,70.33,42.3,4.6,2.0
30202,2022,1,0,0,Small,Retail,Eastern & Midlands,2.85,0.0,11.76,61.92,40.8,12.0,1.0
30203,2019,0,0,0,Small,Production,Southern,3.05,1.0,16.38,57.46,49.6,10.6,1.0
30203,2022,1,0,0,Small,Production,Southern,2.82,0.0,13.59,65.41,41.1,8.7,2.0
30204,2019,0,1,0,Large,Production,Southern,2.99,0.0,11.23,66.61,46.6,9.9,3.0
30204,2022,1,1,1,Large,Production,Southern,1.55,1.0,9.59,70.2,47.2,2.4,3.0
30205,2019,0,1,0,Medium,Retail,Eastern & Midlands,2.46,0.0,14.95,60.98,43.0,16.0,2.0
30205,2022,1,1,1,Medium,Retail,Eastern & Midlands,1.55,0.0,12.68,68.12,43.5,5.7,1.0
30206,2019,0,1,0,Small,Business Services,Eastern & Midlands,2.53,0.0,14.84,66.42,42.2,13.8,3.0
30206,2022,1,1,1,Small,Business Services,Eastern & Midlands,1.86,1.0,7.96,72.74,56.4,12.7,2.0
30207,2019,0,0,0,Small,Business Services,Southern,2.73,0.0,17.87,63.44,41.9,10.4,2.0
30207,2022,1,0,0,Small,Business Services,Southern,2.88,0.0,13.78,60.59,43.1,8.8,2.0
30208,2019,0,0,0,Medium,Production,Eastern & Midlands,2.24,0.0,13.73,54.21,55.3,13.3,1.0
30208,2022,1,0,0,Medium,Production,Eastern & Midlands,2.29,0.0,17.39,68.69,45.8,13.1,4.0
30209,2019,0,0,0,Small,Retail,Southern,3.03,0.0,15.19,61.64,43.9,9.7,1.0
30209,2022,1,0,0,Small,Retail,Southern,2.38,0.0,12.57,59.15,49.9,3.7,1.0
30210,2019,0,0,0,Small,Production,Eastern & Midlands,2.07,0.0,17.54,61.92,44.7,7.0,1.0
30210,2022,1,0,0,Small,Production,Eastern & Midlands,2.25,1.0,17.06,64.99,40.4,5.2,2.0
30211,2019,0,0,0,Medium,Construction,Northern & Western,2.59,0.0,16.08,65.45,44.8,9.5,2.0
30211,2022,1,0,0,Medium,Construction,Northern & Western,2.29,1.0,14.09,63.15,42.5,5.9,2.0
30212,2019,0,0,0,Medium,Construction,Northern & Western,2.22,0.0,16.16,68.14,36.3,11.3,4.0
30212,2022,1,0,0,Medium,Construction,Northern & Western,2.54,0.0,12.41,64.27,51.4,3.3,2.0
30213,2019,0,1,0,Medium,Production,Northern & Western,2.45,0.0,14.01,60.1,53.1,8.3,3.0
30213,2022,1,1,1,Medium,Production,Northern & Western,1.45,0.0,7.34,64.35,39.1,10.8,2.0
30214,2019,0,0,0,Small,Business Services,Northern & Western,3.03,0.0,17.19,66.61,41.9,5.1,3.0
30214,2022,1,0,0,Small,Business Services,Northern & Western,2.53,0.0,15.31,65.48,43.7,17.3,1.0
30215,2019,0,0,0,Medium,Business Services,Northern & Western,2.24,0.0,10.86,57.46,45.6,10.0,2.0
30215,2022,1,0,0,Medium,Business Services,Northern & Western,2.33,0.0,14.13,61.92,40.5,9.8,3.0
30216,2019,0,0,0,Small,Production,Southern,1.74,0.0,16.39,62.89,45.2,12.8,3.0
30216,2022,1,0,0,Small,Production,Southern,2.46,1.0,17.12,61.68,45.7,12.5,2.0
30217,2019,0,1,0,Small,Production,Northern & Western,2.15,0.0,12.72,64.57,35.8,5.3,3.0
30217,2022,1,1,1,Small,Production,Northern & Western,2.36,0.0,8.02,67.78,51.2,8.8,1.0
30218,2019,0,0,0,Medium,Construction,Northern & Western,2.8,1.0,16.37,69.91,37.6,13.8,4.0
30218,2022,1,0,0,Medium,Construction,Northern & Western,2.74,1.0,12.05,66.02,46.7,9.3,2.0
30219,2019,0,0,0,Medium,Business Services,Northern & Western,2.26,1.0,13.27,69.15,45.0,12.3,3.0
30219,2022,1,0,0,Medium,Business Services,Northern & Western,2.16,0.0,11.3,61.75,45.2,10.3,4.0
30220,2019,0,0,0,Medium,Production,Northern & Western,2.7,0.0,12.6,60.04,43.6,13.6,3.0
30220,2022,1,0,0,Medium,Production,Northern & Western,2.67,0.0,10.04,63.14,54.5,7.2,3.0
30221,2019,0,1,0,Medium,Construction,Eastern & Midlands,2.25,0.0,11.16,64.79,41.8,9.3,3.0
30221,2022,1,1,1,Medium,Construction,Eastern & Midlands,2.02,1.0,10.32,68.61,37.5,6.5,1.0
30222,2019,0,0,0,Medium,Business Services,Southern,2.1,0.0,13.93,65.97,42.1,8.9,4.0
30222,2022,1,0,0,Medium,Business Services,Southern,2.62,1.0,12.87,64.27,46.7,10.4,3.0
30223,2019,0,0,0,Small,Retail,Northern & Western,2.4,0.0,9.83,59.86,45.1,13.0,4.0
30223,2022,1,0,0,Small,Retail,Northern & Western,2.22,0.0,13.74,64.02,51.0,12.3,3.0
30224,2019,0,1,0,Small,Construction,Northern & Western,2.36,1.0,14.68,64.21,41.4,12.5,2.0
30224,2022,1,1,1,Small,Construction,Northern & Western,2.15,0.0,10.59,72.92,39.4,8.8,3.0
30225,2019,0,0,0,Small,Business Services,Northern & Western,2.0,0.0,14.42,70.46,46.3,13.8,3.0
30225,2022,1,0,0,Small,Business Services,Northern & Western,2.35,0.0,16.44,66.17,49.4,9.1,3.0
30226,2019,0,0,0,Small,Business Services,Southern,2.33,1.0,12.14,66.2,52.3,7.3,4.0
30226,2022,1,0,0,Small,Business Services,Southern,2.15,0.0,12.95,67.06,47.1,10.1,2.0
30227,2019,0,0,0,Large,Construction,Eastern & Midlands,1.99,0.0,11.49,66.04,44.2,19.7,1.0
30227,2022,1,0,0,Large,Construction,Eastern & Midlands,3.09,1.0,13.64,62.68,50.0,15.1,2.0
30228,2019,0,0,0,Small,Retail,Southern,2.82,0.0,13.24,64.49,50.3,6.4,2.0
30228,2022,1,0,0,Small,Retail,Southern,1.71,0.0,9.96,63.44,49.0,9.6,2.0
30229,2019,0,0,0,Large,Construction,Eastern & Midlands,1.98,0.0,13.18,60.86,47.6,11.0,2.0
30229,2022,1,0,0,Large,Construction,Eastern & Midlands,2.45,0.0,9.65,63.54,52.1,5.6,3.0
30230,2019,0,0,0,Medium,Business Services,Northern & Western,2.37,1.0,13.09,60.92,35.2,10.3,4.0
30230,2022,1,0,0,Medium,Business Services,Northern & Western,3.01,1.0,14.55,62.93,46.6,10.0,3.0
30231,2019,0,0,0,Medium,Production,Northern & Western,2.47,1.0,10.75,60.07,51.5,12.0,2.0
30231,2022,1,0,0,Medium,Production,Northern & Western,2.23,1.0,12.44,60.72,36.1,11.4,2.0
30232,2019,0,0,0,Medium,Production,Southern,2.68,1.0,13.4,56.77,44.6,9.5,2.0
30232,2022,1,0,0,Medium,Production,Southern,2.3,0.0,14.93,61.35,46.6,7.3,1.0
30233,2019,0,0,0,Medium,Construction,Southern,2.55,0.0,13.06,64.76,42.9,10.8,1.0
30233,2022,1,0,0,Medium,Construction,Southern,2.33,0.0,13.67,63.64,40.0,7.0,2.0
30234,2019,0,0,0,Small,Business Services,Eastern & Midlands,2.68,0.0,9.53,60.32,47.6,10.1,3.0
30234,2022,1,0,0,Small,Business Services,Eastern & Midlands,1.81,0.0,12.01,64.26,40.7,10.3,2.0
30235,2019,0,1,0,Small,Production,Eastern & Midlands,2.25,0.0,13.81,61.85,44.4,8.8,4.0
30235,2022,1,1,1,Small,Production,Eastern & Midlands,1.44,1.0,10.2,68.31,51.6,8.3,2.0
30236,2019,0,0,0,Medium,Business Services,Southern,2.05,0.0,14.98,63.84,49.3,6.3,3.0
30236,2022,1,0,0,Medium,Business Services,Southern,2.07,0.0,14.6,59.75,42.8,13.5,1.0
30237,2019,0,1,0,Small,Construction,Eastern & Midlands,2.22,0.0,12.58,66.55,53.4,7.0,3.0
30237,2022,1,1,1,Small,Construction,Eastern & Midlands,2.22,0.0,13.82,67.06,51.5,6.7,1.0
30238,2019,0,1,0,Small,Production,Southern,2.07,0.0,16.29,58.81,48.0,7.8,1.0
30238,2022,1,1,1,Small,Production,Southern,1.74,0.0,10.99,66.85,47.4,9.4,2.0
30239,2019,0,1,0,Medium,Business Services,Eastern & Midlands,2.5,1.0,17.31,67.64,57.1,8.6,4.0
30239,2022,1,1,1,Medium,Business Services,Eastern & Midlands,1.67,0.0,13.65,65.54,49.8,10.7,1.0
30240,2019,0,0,0,Small,Production,Southern,2.33,0.0,10.66,63.91,45.9,4.5,4.0
30240,2022,1,0,0,Small,Production,Southern,2.13,0.0,9.61,62.51,45.7,12.5,3.0
30241,2019,0,1,0,Large,Construction,Southern,2.24,0.0,16.13,61.82,50.0,14.2,3.0
30241,2022,1,1,1,Large,Construction,Southern,2.01,0.0,9.89,67.11,42.2,15.8,3.0
30242,2019,0,1,0,Large,Business Services,Southern,2.8,0.0,11.19,63.89,53.1,8.0,3.0
30242,2022,1,1,1,Large,Business Services,Southern,1.52,1.0,9.23,59.73,54.3,10.7,2.0
30243,2019,0,0,0,Large,Production,Eastern & Midlands,2.09,0.0,13.71,65.88,47.3,6.5,3.0
30243,2022,1,0,0,Large,Production,Eastern & Midlands,2.45,0.0,15.78,65.28,45.3,11.2,2.0
30244,2019,0,0,0,Small,Construction,Eastern & Midlands,2.23,1.0,14.39,61.95,41.1,11.1,2.0
30244,2022,1,0,0,Small,Construction,Eastern & Midlands,2.77,0.0,13.18,65.74,47.7,11.3,2.0
30245,2019,0,0,0,Small,Production,Eastern & Midlands,2.04,0.0,13.5,69.55,47.9,8.3,1.0
30245,2022,1,0,0,Small,Production,Eastern & Midlands,2.22,0.0,16.23,63.56,41.3,15.7,4.0
30246,2019,0,0,0,Large,Production,Southern,2.5,0.0,14.34,61.18,46.8,10.9,3.0
30246,2022,1,0,0,Large,Production,Southern,1.83,0.0,13.21,59.69,46.7,10.3,3.0
30247,2019,0,0,0,Small,Retail,Eastern & Midlands,2.42,0.0,14.25,64.7,39.8,14.1,2.0
30247,2022,1,0,0,Small,Retail,Eastern & Midlands,2.89,0.0,14.49,56.75,47.8,8.4,2.0
30248,2019,0,0,0,Large,Retail,Eastern & Midlands,2.36,0.0,12.35,57.93,42.6,4.1,4.0
30248,2022,1,0,0,Large,Retail,Eastern & Midlands,2.63,1.0,9.87,63.09,34.6,9.0,4.0
30249,2019,0,0,0,Large,Construction,Southern,2.41,0.0,13.46,60.41,44.8,10.1,3.0
30249,2022,1,0,0,Large,Construction,Southern,2.54,0.0,8.59,61.11,42.6,11.9,2.0
30250,2019,0,0,0,Large,Retail,Northern & Western,2.87,0.0,14.06,60.05,46.0,9.8,3.0
30250,2022,1,0,0,Large,Retail,Northern & Western,2.23,0.0,12.96,62.74,55.8,5.7,3.0
30251,2019,0,0,0,Small,Construction,Southern,2.03,0.0,11.76,60.66,43.7,14.8,2.0
30251,2022,1,0,0,Small,Construction,Southern,2.64,0.0,11.7,54.48,41.0,12.9,2.0
30252,2019,0,1,0,Small,Retail,Eastern & Midlands,2.66,0.0,13.94,58.15,46.5,12.8,3.0
30252,2022,1,1,1,Small,Retail,Eastern & Midlands,1.68,0.0,10.79,68.68,46.2,8.4,4.0
30253,2019,0,1,0,Large,Production,Southern,2.09,0.0,14.41,61.5,52.1,11.0,4.0
30253,2022,1,1,1,Large,Production,Southern,2.05,0.0,10.21,65.2,45.9,10.9,3.0
30254,2019,0,1,0,Small,Construction,Northern & Western,2.13,0.0,12.85,58.39,44.3,8.7,2.0
30254,2022,1,1,1,Small,Construction,Northern & Western,1.83,0.0,10.22,66.58,43.0,14.4,3.0
30255,2019,0,0,0,Small,Construction,Southern,2.79,1.0,13.55,63.24,40.7,9.4,3.0
30255,2022,1,0,0,Small,Construction,Southern,2.63,0.0,14.33,64.25,47.8,9.5,2.0
30256,2019,0,0,0,Medium,Production,Eastern & Midlands,2.77,0.0,11.94,64.95,49.1,9.5,2.0
30256,2022,1,0,0,Medium,Production,Eastern & Midlands,2.21,0.0,16.42,61.52,50.3,9.4,2.0
30257,2019,0,1,0,Large,Construction,Northern & Western,2.74,0.0,12.45,59.75,55.6,7.5,1.0
30257,2022,1,1,1,Large,Construction,Northern & Western,2.02,0.0,8.46,67.2,42.0,9.6,3.0
30258,2019,0,0,0,Medium,Construction,Eastern & Midlands,2.91,0.0,16.0,60.79,53.3,9.3,3.0
30258,2022,1,0,0,Medium,Construction,Eastern & Midlands,2.4,0.0,13.78,61.84,44.7,11.0,3.0
30259,2019,0,1,0,Medium,Retail,Northern & Western,2.48,0.0,14.97,64.14,46.6,5.4,2.0
30259,2022,1,1,1,Medium,Retail,Northern & Western,1.01,1.0,9.97,68.23,41.2,9.9,3.0
30260,2019,0,1,0,Small,Construction,Northern & Western,2.7,0.0,13.57,63.67,51.3,4.4,2.0
30260,2022,1,1,1,Small,Construction,Northern & Western,1.83,0.0,9.1,65.69,49.9,7.9,2.0
30261,2019,0,0,0,Medium,Business Services,Southern,2.22,0.0,13.02,62.47,47.5,10.0,2.0
30261,2022,1,0,0,Medium,Business Services,Southern,2.49,1.0,17.63,61.97,46.4,8.5,2.0
30262,2019,0,0,0,Large,Production,Southern,2.37,0.0,11.78,61.75,44.7,11.2,2.0
30262,2022,1,0,0,Large,Production,Southern,2.48,0.0,9.23,61.51,50.5,5.3,4.0
30263,2019,0,1,0,Small,Retail,Eastern & Midlands,2.4,0.0,15.12,63.73,39.5,7.0,2.0
30263,2022,1,1,1,Small,Retail,Eastern & Midlands,1.51,0.0,11.22,65.62,44.0,6.5,3.0
30264,2019,0,0,0,Medium,Retail,Southern,2.14,0.0,11.75,62.52,47.2,12.5,1.0
30264,2022,1,0,0,Medium,Retail,Southern,2.44,1.0,13.36,63.07,43.3,5.1,3.0
30265,2019,0,0,0,Large,Business Services,Southern,2.5,0.0,10.39,59.47,43.3,17.5,2.0
30265,2022,1,0,0,Large,Business Services,Southern,2.39,0.0,14.3,68.8,51.4,8.2,2.0
30266,2019,0,0,0,Medium,Production,Northern & Western,1.93,0.0,11.64,62.75,52.6,11.1,2.0
30266,2022,1,0,0,Medium,Production,Northern & Western,2.81,1.0,12.48,60.84,36.4,10.1,1.0
30267,2019,0,0,0,Medium,Production,Southern,2.45,0.0,18.39,63.22,47.4,13.2,3.0
30267,2022,1,0,0,Medium,Production,Southern,2.46,0.0,12.49,62.29,33.7,7.3,4.0
30268,2019,0,0,0,Medium,Retail,Northern & Western,2.63,1.0,13.42,57.34,42.0,15.9,2.0
30268,2022,1,0,0,Medium,Retail,Northern & Western,2.48,0.0,10.85,59.34,44.5,4.0,2.0
30269,2019,0,1,0,Small,Construction,Northern & Western,2.22,1.0,12.07,59.04,34.4,10.9,2.0
30269,2022,1,1,1,Small,Construction,Northern & Western,1.81,0.0,12.52,72.09,42.7,10.6,3.0
30270,2019,0,0,0,Small,Retail,Northern & Western,2.15,1.0,15.37,58.55,44.0,13.6,3.0
30270,2022,1,0,0,Small,Retail,Northern & Western,1.94,0.0,12.03,60.62,42.9,5.9,3.0
30271,2019,0,1,0,Medium,Production,Eastern & Midlands,2.22,0.0,11.52,61.11,48.7,9.4,2.0
30271,2022,1,1,1,Medium,Production,Eastern & Midlands,1.66,0.0,11.99,68.65,52.0,6.9,2.0
30272,2019,0,0,0,Medium,Business Services,Eastern & Midlands,2.45,0.0,13.33,57.84,40.4,13.1,2.0
30272,2022,1,0,0,Medium,Business Services,Eastern & Midlands,2.63,1.0,13.07,57.64,49.7,13.3,4.0
30273,2019,0,0,0,Large,Retail,Eastern & Midlands,2.6,0.0,11.69,64.27,52.8,9.4,2.0
30273,2022,1,0,0,Large,Retail,Eastern & Midlands,1.87,0.0,14.34,65.87,46.6,16.8,1.0
30274,2019,0,1,0,Large,Production,Northern & Western,2.39,0.0,10.84,63.05,38.3,6.5,2.0
30274,2022,1,1,1,Large,Production,Northern & Western,1.55,0.0,9.79,68.45,48.0,12.0,1.0
30275,2019,0,1,0,Medium,Retail,Eastern & Midlands,2.71,0.0,14.89,61.21,55.5,8.4,3.0
30275,2022,1,1,1,Medium,Retail,Eastern & Midlands,1.81,0.0,7.52,65.86,47.0,7.7,3.0
30276,2019,0,0,0,Medium,Construction,Eastern & Midlands,1.69,0.0,18.08,65.67,46.8,11.3,1.0
30276,2022,1,0,0,Medium,Construction,Eastern & Midlands,2.73,0.0,13.19,61.15,47.9,9.6,3.0
30277,2019,0,0,0,Medium,Retail,Southern,2.55,0.0,15.64,60.29,49.7,5.8,4.0
30277,2022,1,0,0,Medium,Retail,Southern,2.77,0.0,14.64,62.51,48.8,11.5,4.0
30278,2019,0,0,0,Medium,Retail,Eastern & Midlands,2.55,0.0,16.14,64.06,40.6,8.4,2.0
30278,2022,1,0,0,Medium,Retail,Eastern & Midlands,2.38,1.0,13.25,68.55,44.5,8.1,2.0
30279,2019,0,0,0,Medium,Production,Eastern & Midlands,2.46,0.0,15.22,60.76,45.2,9.8,2.0
30279,2022,1,0,0,Medium,Production,Eastern & Midlands,2.47,0.0,16.25,66.8,40.0,12.8,2.0
30280,2019,0,0,0,Medium,Production,Northern & Western,2.51,0.0,12.31,66.0,46.3,9.6,2.0
30280,2022,1,0,0,Medium,Production,Northern & Western,2.69,0.0,15.99,64.59,42.7,5.5,3.0
30281,2019,0,0,0,Large,Production,Northern & Western,2.3,0.0,15.0,62.36,50.9,11.8,1.0
30281,2022,1,0,0,Large,Production,Northern & Western,1.79,0.0,11.45,64.01,42.5,8.5,1.0
30282,2019,0,0,0,Small,Retail,Northern & Western,2.74,0.0,14.59,63.29,42.0,8.4,2.0
30282,2022,1,0,0,Small,Retail,Northern & Western,2.7,0.0,15.49,67.2,52.8,11.6,3.0
30283,2019,0,1,0,Small,Construction,Northern & Western,2.23,0.0,11.69,64.15,41.0,6.6,1.0
30283,2022,1,1,1,Small,Construction,Northern & Western,1.94,0.0,14.73,71.23,49.2,11.5,1.0
30284,2019,0,0,0,Small,Business Services,Northern & Western,2.59,0.0,14.9,58.82,50.3,6.4,3.0
30284,2022,1,0,0,Small,Business Services,Northern & Western,2.49,0.0,13.93,58.22,47.1,8.3,3.0
30285,2019,0,1,0,Medium,Business Services,Northern & Western,2.03,0.0,15.35,65.57,53.4,7.6,2.0
30285,2022,1,1,1,Medium,Business Services,Northern & Western,2.12,0.0,9.08,63.44,46.6,9.4,2.0
30286,2019,0,0,0,Small,Production,Eastern & Midlands,2.61,0.0,14.53,62.85,47.4,10.5,2.0
30286,2022,1,0,0,Small,Production,Eastern & Midlands,2.51,0.0,12.85,62.17,51.8,8.9,1.0
30287,2019,0,0,0,Small,Production,Northern & Western,2.5,0.0,12.2,67.04,38.7,15.9,3.0
30287,2022,1,0,0,Small,Production,Northern & Western,2.52,0.0,15.95,62.67,51.1,10.8,4.0
30288,2019,0,0,0,Medium,Retail,Northern & Western,2.55,0.0,12.24,59.73,49.0,9.5,3.0
30288,2022,1,0,0,Medium,Retail,Northern & Western,2.44,1.0,17.05,58.9,36.4,4.2,2.0
30289,2019,0,1,0,Small,Business Services,Southern,2.51,0.0,15.17,62.62,43.8,10.7,3.0
30289,2022,1,1,1,Small,Business Services,Southern,2.02,0.0,13.9,63.22,42.3,12.0,3.0
30290,2019,0,0,0,Medium,Production,Eastern & Midlands,2.89,0.0,10.78,65.38,42.1,12.6,4.0
30290,2022,1,0,0,Medium,Production,Eastern & Midlands,2.03,1.0,16.9,63.04,42.0,9.1,2.0
30291,2019,0,0,0,Small,Construction,Eastern & Midlands,2.27,0.0,16.33,59.47,54.1,8.3,1.0
30291,2022,1,0,0,Small,Construction,Eastern & Midlands,2.65,0.0,14.42,60.05,45.0,12.4,3.0
30292,2019,0,1,0,Small,Construction,Eastern & Midlands,2.93,0.0,13.08,61.62,39.6,8.2,2.0
30292,2022,1,1,1,Small,Construction,Eastern & Midlands,1.86,0.0,10.98,67.97,51.9,9.1,3.0
30293,2019,0,0,0,Medium,Production,Northern & Western,2.34,0.0,15.87,59.51,54.2,7.8,3.0
30293,2022,1,0,0,Medium,Production,Northern & Western,2.2,0.0,11.49,63.07,43.7,13.1,3.0
30294,2019,0,0,0,Small,Production,Northern & Western,2.42,0.0,13.38,62.28,45.0,15.0,2.0
30294,2022,1,0,0,Small,Production,Northern & Western,2.22,0.0,15.34,61.28,38.2,11.2,2.0
30295,2019,0,1,0,Small,Business Services,Northern & Western,2.73,0.0,14.85,64.8,43.0,8.2,2.0
30295,2022,1,1,1,Small,Business Services,Northern & Western,2.38,1.0,8.07,71.44,34.9,1.5,3.0
30296,2019,0,0,0,Medium,Business Services,Southern,2.92,0.0,13.22,58.82,44.8,5.1,4.0
30296,2022,1,0,0,Medium,Business Services,Southern,2.33,0.0,14.09,64.87,48.5,16.5,1.0
30297,2019,0,0,0,Medium,Retail,Northern & Western,2.16,0.0,13.5,67.45,43.6,8.3,2.0
30297,2022,1,0,0,Medium,Retail,Northern & Western,2.26,1.0,12.72,68.0,40.7,10.1,4.0
30298,2019,0,0,0,Small,Business Services,Southern,2.03,0.0,15.92,64.44,39.7,12.5,3.0
30298,2022,1,0,0,Small,Business Services,Southern,2.11,0.0,15.72,63.75,43.8,8.3,2.0
30299,2019,0,1,0,Medium,Construction,Eastern & Midlands,2.67,0.0,16.26,60.61,40.2,5.7,1.0
30299,2022,1,1,1,Medium,Construction,Eastern & Midlands,1.66,0.0,10.83,68.23,43.5,10.8,2.0
30300,2019,0,0,0,Small,Construction,Northern & Western,2.55,0.0,16.55,58.51,49.8,13.9,3.0
30300,2022,1,0,0,Small,Construction,Northern & Western,2.21,0.0,13.75,64.76,44.5,14.7,4.0
